school_name,state,email,
The Hills Driving School LLC,California,info@thehillsdriving.com,
Push Start Driving School,California,info@pushstartdriving.com,
Cantor's Driving School,California,info@cantorsdrivingschoolca.com,
Texas Driving School,Texas,texasdrivingschool1501@gmail.com,
Texas Driving School Corpus Christi,Texas,texasdrivingschoolray@gmail.com,
Best Driving School FL,Florida,BestDS.info@gmail.com,
Kendall Traffic and Driving School,Florida,kendalltrafficoffice@yahoo.com,
EZ Learning Driving School,Florida,hello@orlandofloridadrivingschool.com,
Drive Rite Academy,New York,info@driveriteny.com,
Pierre Paul Driving School,New York,info@pierrepauldriving.com,
Ferrari Driving School,New York,Elsie@FerrariDrivingSchool.com,
A-Adams School of Driving,Illinois,contact@adamsdrivingschool.com,
Green Light Driving School,Illinois,info@greenlightdriving.com,
Pennsylvania Driving School,Pennsylvania,penndriving@aol.com,
Driven2Drive,Pennsylvania,info@driven2drive.com,
Columbus Driving Academy,Ohio,contact@cdadrive.com,
Heights Driving School,Ohio,HeightsDriving@Gmail.com,
Official Driving School,Ohio,info@officialdrivingschool.com,
Best Driving School Atlanta,Georgia,info@bestdrivingschoolatlanta.com,
Taggart's Driving School,Georgia,info@TaggartsDrivingSchool.com,
Quick Learn Driving School,Georgia,info@quicklearndrivingschool.com,
Jordan Driving School,North Carolina,jds@jordandriving.com,
Carolina Road Driving School,North Carolina,info@carolinaroaddriving.com,
Remedy Driving School,North Carolina,remedydrive1@gmail.com,
Official Driving School,Michigan,info@officialdrivingschool.com,
Metro Driving School INC,Michigan,metrodrivingschool2009@gmail.com,
Michigan Driving Schools,Michigan,michigandrivingschool@gmail.com,
A+ Driving School,Minnesota,aplusdrivingsouth@gmail.com,
Buckle Up Driving School,Minnesota,buckleupdriversed@gmail.com,
Driver's Ed of the Fox Cities,Wisconsin,driversedfoxcities@gmail.com,
J & B Driving School,Wisconsin,JandBdrivingschool@gmail.com,
AA Indiana Driving School,Indiana,indianadriving@gmail.com,
Precision Driving,Indiana,precisiondrivingfw@gmail.com,
Springfield Driving School,Missouri,springfielddrivingschool@gmail.com,
Roy Green Driving School LLC,Missouri,roymgreen162@gmail.com,
Safety First Driving School LLC,Missouri,calvinwallacejr@gmail.com,
Gary Gundy School of Driving,Missouri,garygundyschoolofdriving@gmail.com,
Liberty Driving School,Missouri,libdrivingschool@yahoo.com,
Total Driving Instruction 1,Missouri,totaldriving1@gmail.com,
Learn 2 Drive KC,Missouri,learn2drivekc@yahoo.com,
Laketown Driving School,Minnesota,laketowndrivingschool@gmail.com,
Headwaters Driving School,Minnesota,headwatersdrivingschool@gmail.com,
Alamo Driving School,Minnesota,alamodriving@gmail.com,
Westonka Driving School,Minnesota,westonkadriving@gmail.com,
Pike Driving School,Minnesota,PikeDrivingSchool@gmail.com,
Safety Zone Kokomo,Indiana,SZDAKokomo@gmail.com,
All Pass Driving School,Indiana,allpassonlinepayment@gmail.com,
4 Lakes Driving School,Wisconsin,4lakesdrivingschool+grants@gmail.com,
KC's Driving School,Wisconsin,lewiswh53@gmail.com,
A-Plus Driving School,Wisconsin,drivewi@gmail.com,
James Smith Driving School LLC,Missouri,jsmithdrivingschool@gmail.com,
Lifeskills Driving School,Missouri,LifeSkillsDriving4U@gmail.com,
Nichols Driving School,Massachusetts,nicholsdrivingschool@gmail.com,
CMSC Auto School,Massachusetts,info@cmscsafety.com,
Triad Driving Academy,Massachusetts,triaddriving@gmail.com,
North Quincy Auto Academy,Massachusetts,info@NQAutoAcademy.com,
Yarmouth Driving School,Massachusetts,yarmouthdrivingschool@gmail.com,
Best Driving School inc,Massachusetts,consultation@bestdrivingschoolinc.com,
Windsor-Brunswick Driving Academy,New Jersey,WBDrivingAcademy@gmail.com,
Excell Driving School,New Jersey,jjpjoel@gmail.com,
Road Rules Driving School,New Jersey,teamroadrules@gmail.com,
Bells Driving School,New Jersey,edbelfi@gmail.com,
Shore Points Driving School,New Jersey,info@ShorePointsDrivingSchool.com,
Aiskae Driving School,New Jersey,info@aiskae.com,
Global Driving School NJ,New Jersey,info@globaldrivingschoolnj.com,
Atlantic Driving School LLC,New Jersey,atlanticdrivingschoolnj@gmail.com,
George's Driving School,Maryland,info@drivingschoolmd.com,
Easy Method Driving School,Maryland,emdrive1974@gmail.com,
Drivers Edu,Maryland,info@driversedu.net,
Southern Maryland Driving Academy,Maryland,somddrivingacademy@gmail.com,
Roland Park Driving School,Maryland,rolandparkdrivingschool@gmail.com,
iDrive Driving Academy LLC,Maryland,idrivedrivingacademyllc@gmail.com,
Safe By Choice Driving Academy,Maryland,safebychoicedrivingacademy@gmail.com,
Crossroads Driving School,Connecticut,xroads.drivingschool@gmail.com,
Nationwide Driving School,Connecticut,nationwidedrivingschoolllc@gmail.com,
2BG Driving School,Connecticut,twobgdrivingschool@yahoo.com,
L.T.D. Driving School,Connecticut,info@ltddrivingschoolct.com,
911 Driving School,Washington,seattle@911drivingschool.com,
Bal Driving School,Washington,info@baldrivingschool.com,
Arizona Truck Driving School,Arizona,train@hdsdrivers.com,
Northern VA Driving School,Virginia,info@ndsva.com,
Brentwood Driver Training,Tennessee,admin@brentwooddrivertraining.com,
Nashville Driving School,Tennessee,info@nashvilledrivingschool.com,
1st Learn to Drive,Oregon,office@1stlearntodrive.com,
Oregon Elite Driving School,Oregon,503oeds@gmail.com,
Tom's Driving Academy,Oregon,tomsdrivingacademy1@gmail.com,
Oregon Driver Training Institute,Oregon,Jesse@oregondrivertraining.com,
Nevada Drive Academy,Nevada,jeff@nevada-drive-academy.com,
Central KY Driving School,Kentucky,info@drivecky.com,
Premier Driving School,South Carolina,scpdsinfo@gmail.com,
S&A Driving Academy LLC,South Carolina,stanley@sandadrivingacademyllc.com,
COPS Driving Academy,South Carolina,info@copsda.com,
ISI Driving School,South Carolina,isidrivingschool@yahoo.com,
South Lafourche Driving School,Louisiana,jamessuttle@southlafourchedrivingschool.com,
Dawn Driving School,Colorado,dawndrivingschool4@gmail.com,
Cruisers Teen Driving,Colorado,cruisersteendriving@gmail.com,
Conahan's Driving School,Colorado,info@conahansdrivingschool.org,
Alabama Safety Institute Inc,Alabama,questions@asimobile.org,
Mid-State Driving Academy,Alabama,midstatedrivingacademy334@gmail.com,
A-1 Driving School,Utah,info@a-1drivingschool.com,
Go Team Driving School,Louisiana,drive@goteamdriving.net,
Road Scholars Driving,Louisiana,Help@RoadScholarsDriving.com,
Louisiana Driving School,Louisiana,safetydriven@gmail.com,
ABC Driving School,Arizona,desirae@abcdrivingofaz.com,
Legacy Driving Academy,Arizona,admin@legacydrivingacademy.com,
Cantor's Driving School,Arizona,cantorsdrivingaz@gmail.com,
CDIC Driving School,Virginia,info@cdicdrivingschool.com,
DTW Driving School,Virginia,info@DTWdrivingschool.org,