id,question,image,option_a,option_b,option_c,option_d,correct_answer,explanation
55168,"Make sure that the _________ are not cut, chafed, spliced, or worn, and not tangled, pinched, or dragged against tractor parts.",,splash guards,door ties and lifts,air lines and electrical lines,locking jaws,C,"During your pre-trip inspection, check the electrical lines and air hoses (or hydraulic hoses for hydraulic brakes). Make sure that the lines and hoses are not cut, chafed, spliced, or worn. Also make sure they are not tangled, pinched, or dragging on parts of the tractor."
55162,What do you inspect to make sure that all are present and show no signs of looseness such as rust trails or shiny threads?,,Rims,Lug nuts,Spacers,None of the above,B,"During your pre-trip inspection, check that all lug nuts are present and accounted for, tightly fastened, and free of cracks or distortions."
55164,What maintains air pressure in the air brake system?,,Power steering,Water pump,Air compressor,Alternator,C,"The air compressor maintains air pressure for the air brakes by pumping air into the air storage tanks. If your vehicle's air compressor is belt driven, make sure that its drive belt is snug. A belt that is too loose might slip and not drive the air compressor properly."
55170,What should be fully engaged with no loose or missing pins in the slide mechanism of the sliding fifth wheel?,,Sliding pintle,Gap,Locking pins,Locking jaws,C,"On many vehicles, the fifth wheel is designed to slide forward and backward on slider rails. If that is so on your vehicle, check the sliding fifth wheel locking pins. Make sure that none of them are loose or missing and that all of them are fully engaged."
55165,Which tires should have a minimum tread depth of 4/32 inch?,,Spare tires,Steering axle tires,Non-drive axle tires,All of the above,B,"The tires on the steering axle should have at least 4/32 inch of tread, and all other tires should have at least 2/32 inch of tread. Inadequate tread on the front tires increases the risk of a front-wheel skid."
55159,What carries air or hydraulic fluid to the wheel brake assembly?,,Slack adjusters,Brake linings,Brake hoses / lines,Brake chambers,C,"Compressed air (or hydraulic fluid if your vehicle has hydraulic brakes) flows to the brakes through hoses and lines. During your pre-trip inspection, check all hoses and lines for leaks or tangles."
55171,"To improve visibility during severe or stormy weather, __________ must be secure, undamaged, and operating smoothly and correctly.",,the handholds and steps,the windshield wipers and washer,the lighting indicators,the emergency equipment,B,Check that the windshield wiper blades are in good condition and press hard enough against the windshield to keep it clean without excessive streaking. Also make sure that the windshield washer mechanism works and there is enough windshield washer fluid in the reservoir.
55172,"_________ should be clean with no dirt, illegal stickers, obstructions, or damage.",,The headlights,The lighting indicators,The windshield and mirrors,None of the above,C,"Windshields and mirrors should be clean and free of damage, illegal stickers, or obstructions that could impede visibility."
55166,Which of the following can disengage the engine from the drivetrain?,,Parking brake,Drive shaft,Clutch and gearshift,Water pump,C,"To ensure that your vehicle doesn't move once you start the engine, first depress the clutch (unless the vehicle has an automatic transmission) and put the gearshift in neutral (or Park for an automatic transmission). Once the engine has started, slowly release the clutch."
55173,"_________ are the brackets, bolts, or bushings that are used to attach the spring or air bag to the axle and vehicle frame.",,Spring mounts,Mounting bolts,Shock absorbers,Torque,A,"Spring mounts consist of the brackets, bolts, shackles, and bushings used for attaching springs or air bags (for an air ride suspension) to the vehicle frame. During your inspection, check that the spring mounts are secured to the vehicle's frame and axles. Check that no bushings are damaged or missing. Check that there are no broken, loose, or missing bolts or U-bolts."
55175,What releases the fifth wheel locking jaws so the trailer can be coupled?,,Apron,Drawbar,Release arm,Locking pins,C,"The release arm allows you to disengage the fifth-wheel locking jaws so you can uncouple the trailer. During your pre-trip inspection, check that the release arm is in the engaged position and the safety latch (if so equipped) is in place."
55174,"If the wheel has a sight glass, check that the oil level is adequate. Otherwise, look for leaks around the",,battery.,hydraulic brakes.,hub oil seals and axle seals.,rims.,C,"As part of your pre-trip inspection of the wheels, check the axle seals and the hub oil/grease seals for leaks. Look for oil or grease on the wheels and any visible evidence of cracks or leaks. If the wheel has a sight glass, you can visually confirm that the oil level is adequate."
55160,________ are gas or hydraulic devices that cushion the vehicle's ride and stabilize the vehicle.,,Shock absorbers,Brakes,Mounts,Springs,A,"During your pre-trip inspection, check the shock absorbers on every axle of your vehicle (including the trailers if any) to be sure that they are securely mounted and not leaking."
55163,"What should you check to be sure it is solid, clear of objects, and securely bolted to the tractor frame?",,Kingpin,Platform,Apron,Catwalk,D,Check that the steps leading up to the cab and catwalk (if any) are clear of obstructions and secured to the tractor frame.
55158,What transmits power from the transmission to the drive axle?,,Air compressor belt,Power steering belt,Steering play,Drive shaft,D,"The drive shaft transmits torque from the transmission and the gear box to the drive wheels. During your pre-trip inspection, check that the drive shaft is not bent or cracked and the U-joints aren't loose or worn. While you're driving, a dropped drive shaft could be very serious."
55169,You are looking for puddles on the ground and dripping fluids on the underside of the engine and transmission. What are you checking for?,,Oil level,Power steering fluid,Leaks,None of the above,C,"As part of your engine inspection, check the ground below the engine compartment for puddles or dripping liquids."
55161,What is the sliding mechanism and locking device for tandem axles on trailers?,,Frame,Landing gear,Tandem release arm / locking pins,Suspension system,C,"If so equipped, make sure that the locking pins are locked in place and the release arm is secured."
55157,"You pump the pedal three times and hold it down for five seconds, making sure that the pedal does not move. What are you inspecting?",,Air brakes,Hydraulic brakes,Parking brake,All of the above,B,"If your vehicle has hydraulic brakes, test them by pumping the brake pedal three times and then applying firm pressure to it for five seconds, making sure the pedal does not move during that time. If your vehicle has air brakes, test them by performing the final air brake check as described in the New York State Commercial Driver's Manual."
55167,What transforms steering column action into wheel action?,,Suspension,Steering play,Steering box,Steering linkage,C,"When you turn the steering wheel, the steering box translates this motion into turning the front wheels. During your pre-trip inspection, check that the steering box is in good condition, securely mounted, and not leaking. Also check that no nuts, bolts, or cotter keys are missing."
56179,"What, if loose or missing, may cause movement between the sliding fifth wheel and the slide mounting?",,Drawbar,Mounting bolts,Safety latch,Locking pins,D,"If so equipped, look for loose or missing locking pins in the slide mechanism of the sliding fifth wheel. Make sure that the pins are fully engaged."
56178,"Which gauge helps you prevent engine failure, seizure, or breakdown?",,Oil pressure,Ammeter,Temperature,Power steering,A,"During your pre-trip inspection, make sure that the oil pressure gauge is working and it shows normal or increasing oil pressure. Running the engine without oil will eventually cause serious damage."
56176,Which belt should you make sure is securely mounted and adjusts and latches properly?,,Air compressor,Safety / seat,Steering,Water pump,B,You should wear your safety belt at all times while you're riding. (You may fail your skills test if you don't wear it.) Make sure it is in good condition and securely mounted in the cab. Also make sure it adjusts and latches properly.
56177,What do you use the dipstick to check?,,Coolant level,Oil level,Windshield washer fluid level,None of the above,B,"Use the dipstick to check the oil level in the engine. If the oil level is below the refill mark, add oil before you start to drive."
75092,Which external lights should you check?,,Taillights,Brake lights,Turn signals,All of the above,D,"The external lights that should be checked include the following: high- and low-beam headlights, clearance lights, taillights, backing lights, four-way emergency flashers, left and right turn signals, red and amber reflectors, and brake lights."
75091,Which gauge indicates the alternator or generator is charging?,,Oil pressure,Ammeter or voltmeter,Temperature,All of the above,B,"During your pre-trip inspection, check the ammeter gauge or voltmeter gauge to make sure that the alternator or generator is charging properly or the warning light is off."
75090,"If the coolant overflow container is not part of the pressurized system, to check the coolant level,",,(a) inspect the reservoir sight glass.,(b) remove the container cap and check the level visible.,do either (a) or (b).,do neither (a) nor (b).,C,"If the coolant overflow container is not part of the pressurized system, you can remove the cap to check the coolant level even when the engine is hot. Alternatively, some vehicles have sight glasses to let you check the coolant level. Note: Never attempt to remove the radiator cap or any other part of the pressurized system until the system has cooled thoroughly. While it's hot, pressurized steam or boiling water can spray out and injure you."
75093,"As part of your vehicle inspection test, if your vehicle has a cargo lift, you will have to",,check it for any missing parts.,explain the process of checking it for correct operation.,check it for leaks or damage.,do all of the above.,D,"As part of your vehicle inspection test, if your vehicle is equipped with a cargo lift, explain how to check it for correct operation. Check for leaking, damaged, or missing parts. Also check that the cargo lift is fully retracted and securely latched."
111640,Which of the following is a way to check the coolant level?,,Check the dipstick.,Check the sight glass.,Check the water pump.,Check the temperature gauge.,B,"Your vehicle may provide a way for you to check the coolant level even when the engine is hot. Such devices include reservoir sight glasses, see-through coolant overflow containers, and coolant recovery containers."
111642,Which of these converts air pressure to mechanical force to operate the brake at a wheel?,,Brake lining,Brake chamber,Brake hoses,Drum brake,B,"The brake chamber (one at each wheel) converts air pressure to mechanical force to operate the brake at that wheel. When you press the brake pedal, compressed air from a service tank enters the brake chamber. Air pressure pushes out the brake chamber's pushrod, which moves the slack adjuster. The moving slack adjuster applies the brake."
111644,What heats the cab and prevents frost from forming on the windshield?,,Heater/defroster,Header board,Windshield wiper,Air conditioner,A,"The heater/defroster provides a stream of warmed air. By selecting the appropriate vents, you can choose whether the air will heat the cab or melt frost on the windshield."
111641,Which of these keeps your vehicle from rolling when it's parked?,,Locking pin,Brake lining,Service brake,Parking brake,D,The parking brake keeps your vehicle from moving when it's parked. The mechanism is separate from the service brakes that you use in normal driving.
19285,Eye contact with drivers,,ensures that they will stop and let you through.,should be avoided to discourage aggression.,should be made before you cross any intersection.,is not a guarantee that they will yield to you.,D,"Eye contact is not a guarantee that drivers will yield to you. Often, drivers fail to notice motorcyclists even when they are looking directly at them."
19286,"When you ride a motorcycle, your clothing should be protective and",,completely cover your arms and legs.,made of an approved material.,tight fitting.,loose fitting.,A,"When you ride a motorcycle, your clothing should be protective and cover your arms and legs completely. This is very important in case of a collision."
88983,"As you are riding, an object appears suddenly in your path. What should you do?",,Brake abruptly while swerving,Swerve onto the shoulder of the road,Swerve into the left lane,,B,"Sometimes you may not have enough room to stop, even if you use both brakes properly. An object might appear suddenly in your path or the vehicle ahead might stop abruptly. The only way to avoid a collision may be to turn quickly or swerve around it. In this situation, since there is traffic in the left lane, the safest option would be to swerve onto the shoulder of the road."
88981,Which portion of the lane should you be in before starting to pass?,,The right portion of the lane at a safe following distance,"The left portion of the lane, as close as possible to the vehicle you are going to pass",The left portion of the lane at a safe following distance,The center portion of the lane at a safe following distance,C,"Passing and being passed by another vehicle is not much different than with a car. However, visibility is more critical. Before starting to pass, ride in the left portion of the lane at a safe following distance to increase your line of sight and make you more visible. Signal left and check for oncoming traffic. Use your mirrors and turn your head to look for traffic behind."
19292,Motorcycles can slip on grease that cars have deposited on the road. Where are such deposits most likely to be found?,,On multilane highways,On bridges and overpasses,On gravel roads,At busy intersections,D,"Motorcycles can slip on grease that cars have deposited on the road. These strips of grease can be found at busy intersections and toll booths, where cars tend to remain stopped for longer periods."
19279,When should a passenger get on a motorcycle?,,Before the engine has been started,Before the motorcycle is taken off the stand,After the engine has been started,Before the motorcyclist,C,A passenger should get on a motorcycle only after the motorcyclist has started and mounted it.
19282,Riding ____________ decreases your chances of being seen.,,with your high beam on,alongside other vehicles,near other motorcycles,in residential areas,B,Riding alongside other vehicles decreases your chances of being seen because you may be riding in a vehicle's blind spot.
19276,In which of the following situations should you NOT increase your following distance?,,On slippery roads,In heavy traffic,When you're being tailgated,When you're riding in a group,D,"When riding in a group, you should not increase your following distance because it might encourage cars and trucks to cut in front of you."
19274,How can you increase your chances of avoiding hazards at night?,,Stay in the same lane position.,Don't wear a helmet.,Reduce your speed.,Ride in a group.,C,Increase your chances of avoiding hazards at night by reducing your speed and increasing your following distance. This will give you more time to react to the unexpected.
19293,Keeping your knees against the gas tank,,should only be done to help steady cargo.,helps you keep your balance.,helps turn the motorcycle.,should never be done.,B,Keeping your knees against the gas tank helps you keep your balance on the motorcycle.
19272,"If you are going to pass another vehicle but you think that it may move into your lane, you should",,flash your brake light.,not pass.,pass as fast as possible.,beep your horn.,D,"If you are going to pass another vehicle but you think that it may move into your lane, you should beep your horn to warn the driver."
19289,"Because a motorcycle has a smaller profile than a car,",,shoulder checks are not required.,it is less visible.,it is faster.,special lights are required.,B,"Because a motorcycle has a smaller profile than a car, it is less visible. Use caution when riding a motorcycle."
19290,The best group formation for riding through curves is,,single file.,in pairs.,a V-shaped formation.,the staggered formation.,A,"When riding through curves, it is best to ride single file. You may need to change your lane position throughout the curve."
19294,The best face protection is,,a shatter-resistant face shield.,a windshield.,approved goggles.,sunglasses.,A,The best face protection is a shatter-resistant face shield. It covers the largest area and is unlikely to blow off in the wind.
19295,"When pulling off to the side of the road, you must check to see",,that it is a designated pull-off area.,that the surface is firm enough to ride on.,that it is a well-lit area.,that your brakes are working.,B,"Before pulling off the road, you should check the surface to see if it is safe to ride on. Motorcycles require a firm surface with a lot of traction."
19278,____________ a common factor in motorcycle collisions.,,Bad drivers are,Seasonal changes are,Traffic signals are,Not being seen is,D,Motorcycles are much harder to see than cars or trucks. Not being seen is a common factor in motorcycle collisions.
19291,Instruct your passenger to,,"hold on firmly to your waist, hips, or belt.",wear a seat belt.,put his or her feet on the ground when the motorcycle stops.,grip the backrest.,A,"Instruct your passenger to hold on firmly to your waist, hips, or belt; keep both feet on the footrests, even when the motorcycle is stopped; keep legs away from the muffler(s), belts, chains, or moving parts; sit as far forward as possible without crowding you; stay directly behind you, leaning as you lean; and avoid unnecessary talk or motion."
19275,"If you are being tailgated and the tailgater is unable to pass you, you should",,increase your following distance.,pull over and stop.,call the police.,flash your brake light.,A,"If a tailgater is unable to pass you, increase your following distance so both of you will have enough room to stop in the event of a hazard."
19288,The best protection against flying objects while you're riding is,,sunglasses.,a face shield.,goggles.,headlights.,B,"The best protection against flying objects while you're riding is a shatter-resistant face shield. It will protect your whole face from flying objects, not just your eyes."
55936,What structure supporting the fifth wheel skid plate should be checked for cracks or breaks?,,Sliding pintle,Platform,Kingpin,Apron,B,"During your pre-trip inspection, check that there are no cracks or other damage to the platform structure that supports the fifth wheel skid plate."
56960,"If worn, what can cause excessive heat buildup from a reduced ability to absorb and dissipate heat, possibly leading to loss of brake response?",,Brake chambers,Brake hoses / lines,Brake drum / linings,All of the above,C,"Brake linings use friction to turn the vehicle's kinetic energy into heat. However, excessive heat from overuse of the brakes may cause the brake linings to wear out faster, leading to brake fade or failure. Also, if one brake is out of adjustment and can't do its job, the other brakes will have to work harder, causing them to overheat."
75869,What should you make sure is secure and not leaking and its cap(s) are tight?,,Fuel tank(s),Air compressor,Water pump,All of the above,A,"While inspecting the side of your vehicle, check that the fuel tanks are securely mounted and their fuel filler caps are tight. Also make sure that neither the tanks nor the fuel lines are leaking."
112423,"You are checking for damage to the longitudinal members, cross members, box, or floor. What are you inspecting?",,Frame,Exhaust system,Fuel tank,Doors,A,"The frame consists of the structural members for supporting the body of the vehicle or trailer. When inspecting the frame, (1) check for cracks; (2) check for broken welds; and (3) check for illegal holes or other damage to the longitudinal frame members, cross members, box, or floor."
21199,"To cross railroad tracks that run parallel to your course, you should cross them at an angle of at least ____ degrees.",,90,120,45,20,C,"If you need to cross railroad tracks that run parallel to your course, cross them at an angle of at least 45 degrees to avoid catching your tires on the tracks."
21196,"When riding in traffic, do not share your lane with cars or other vehicles because",,most of the roads are narrow.,drivers might not allow you to share the same lane.,you might face a sudden wind blast.,cars and motorcycles need a full lane width to operate safely.,D,"When riding in traffic, do not share your lane with cars or other vehicles because cars and motorcycles each need a full lane width to operate safely."
21197,"To create more space and minimize harm from hazards, you should",,adjust your direction or position.,use your lights and horn.,adjust your speed.,do all of the above.,D,"To create more space and minimize harm from hazards, you should communicate your presence with your lights or horn; adjust your speed by accelerating, slowing, or stopping; and adjust your position or direction to keep away from hazards."
21200,Most of your motorcycle's stopping power is provided by,,the front brake.,the clutch.,the rear brake.,the front and rear brakes equally.,A,About 70 percent of your motorcycle's stopping power is provided by the front brake.
55257,"You pump the pedal three times and hold it down for five seconds, making sure that the pedal does not move. What are you testing?",,Hydraulic brakes,Air brakes,Parking brake,All of the above,A,"If your vehicle has hydraulic brakes, test them by pumping the brake pedal three times and then applying firm pressure to it for five seconds, making sure the pedal does not move during that time. If your vehicle has air brakes, test them by performing the final air brake check as described in the Florida CDL Handbook."
55269,You are looking for puddles on the ground and fluids dripping on the underside of the engine and transmission. What are you checking for?,,Oil level,Leaks,Power steering fluid,None of the above,B,"As part of your engine inspection, check the ground below the engine compartment for puddles or dripping liquids."
56279,"What, if loose or missing, may cause movement between the frame and fifth wheel assembly?",,Drawbar,Mounting bolts,Locking pins,Safety latch,C,"During the pre-trip inspection, check for loose or missing locking pins in the slide mechanism of the sliding fifth wheel."
19497,"When riding your motorcycle in high-risk areas, you should cover _________ to shorten the time you need to react.",,your whole travel lane,the clutch and both brakes,your eyes with goggles,your head with a helmet,B,"When riding your motorcycle in high-risk areas, you should cover the clutch and both brakes to shorten the time you need to react."
19499,"When parked at the roadside, your motorcycle should be",,lying on the curb.,positioned at an angle with the rear wheel to the curb.,positioned at an angle with the front wheel to the curb.,parallel to the curb.,B,"When parked at the roadside, your motorcycle should be positioned at an angle with the rear wheel to the curb."
19498,"When you're preparing to pass the vehicle in front of you, you can increase your line of sight by riding in ________ portion of your lane.",,the left,the center,any,the right,A,"To increase your line of sight when passing the vehicle ahead of you, ride in the left portion of your lane. This will let you see beyond the vehicle in front of you and spot oncoming hazards."
19496,You should not ride your motorcycle alongside cars because,,a car driver's visibility might be reduced.,a car driver might not be able to turn.,your motorcycle might skid.,you might be in a blind spot.,D,It can be dangerous to ride alongside cars because you might be riding in their blind spots.
20648,You must maintain a space cushion between your motorcycle and the vehicle ahead of you because it will give you,,time to react.,time to brake.,time to stop.,all of the above.,A,The space cushion between your motorcycle and the vehicle ahead of you gives you time to react and space to maneuver. You can brake and stop without risking a collision.
9237,Rust around wheel nuts may mean:,,It rained recently.,The nuts are loose.,The nuts are too tight.,,B,It is important to inspect your tires before every drive. Rust around wheel nuts may indicate that they are loose.
9420,Always perform the steps of a pre-trip inspection in the same order each time because:,,You will be less likely to forget something.,You will have more time to complete the inspection.,It is required by law.,,A,"Completing the steps of a vehicle inspection in the same order before every trip aids in learning what the proper steps are. Additionally, you be less likely to forget a step when going through the checklist in a prescribed order."
8582,"If a tire fails, you should:",,Use the brakes.,Stay off the brakes.,Swerve.,,B,"Braking after a tire fails can result in a loss of control. Stay off your brakes, if possible, until your vehicle has slowed considerably."
8560,"When driving in winter, which of the following should receive extra attention in a pre-trip inspection?",,Coolant and antifreeze levels,The air conditioning unit,The oil pressure,,A,"When doing a pre-trip inspection during the winter, you should pay extra attention to the coolant level and amount of antifreeze; the defrosting and heating equipment; the wiper blades and windshield washer; the tires and tire chains; the lights and reflectors; the windows and mirrors; the hand holds, steps, and deck plates; the radiator shuttles and winterfront; and exhaust system."
9432,Mirror adjustment can only be checked properly if:,,The trailer is straight.,There is no trailer.,The vehicle is on a slight incline.,,A,"On a vehicle with one or more trailers, mirror adjustment can only be checked accurately if the trailers are straight. Mirror adjustment should be checked before the start of every trip."
8517,How can you check for a leak in hydraulic brakes?,,"Pump the brake pedal three times, then hold down the pedal for five seconds. If the pedal moves, there may be a problem.","Push the brake pedal down as far as possible and release. If the brake pedal returns to its normal position, there may be a problem.","Push the brake pedal down as far as possible and release. If the brake squeaks, there may be a problem.",,A,"Check hydraulic brakes by pumping the brake pedal three times before applying firm pressure to the pedal for five seconds. The pedal should not move. If it does, there may be a leak or some other problem in the braking system."
8504,A tread depth of ____ should be in every major groove of a tire that is not in the front of a commercial motor vehicle.,,1/32 of an inch,2/32 of an inch,4/32 of an inch,,B,"For safe operation, a commercial motor vehicle needs a tread depth of 4/32 of an inch in every major groove on the front tires, and a tread depth of 2/32 of an inch on other tires."
9605,What helps prevent wheel lockup when braking?,,An Anti-Lock Braking System (ABS),Air brakes,An alternator,,A,The purpose of an Anti-Lock Braking System (ABS) is to prevent wheel lockup while brakes are being applied.
11691,"In a dual air brake system, a leak in one system:",,Always means there are leaks in both systems.,May not affect the other system.,Is not something to worry about.,,B,"A dual air brake system is made up of two separate air brake systems. If there is an air leak in one system, it may not affect the other."
8514,A pre-trip inspection should include:,,A check of the engine oil level.,Removing coolant.,Washing the tire rims.,,A,"When examining the engine compartment during a pre-trip inspection, you should check the engine oil level, the radiator coolant level, and the condition of the hoses."
9933,Pre-trip inspections are:,,Recommended.,Needed only for trips longer than 100 miles in length.,Required by law.,,C,"Federal and state laws require drivers to inspect their vehicles before every trip, regardless of length."
9446,What is a tire load?,,The minimum safe weight a tire can carry,The maximum safe weight a tire can carry,The weight of a tire,,B,Tire load is defined as the maximum safe weight that a tire can carry at a specified pressure.
11296,Your horn should be used to:,,Tell other drivers that you are angry.,Warn other drivers that you are near.,Frighten other drivers.,,B,"Your vehicle's horn is a tool to warn others of your presence. Because the horn may create danger by startling other drivers, you should use it only if necessary."
11675,"To inspect slack adjusters on S-cam brakes, you need to:",,Park on a hill and test the brakes.,Put on gloves and push in the slack adjusters.,Chock the wheels and disengage the parking brake.,,C,"Check each slack adjuster after parking on level ground, setting wheel chocks, and disengaging the parking brake. Pull the slack adjusters to make sure they do not move more than about one inch from where the push rod is attached. If they move more than one inch, they may be out of adjustment and will need to be fixed."
11891,"In a vehicle with dual air brakes, a leak in one system ____ the second system.",,Will always affect,May not affect,Is caused by,,B,"A dual air brake system is made up of two separate air brake systems. If there is an air leak in one system, it may not affect the other."
11290,"When inspecting the windshield before a trip, a person should do all the following, except:",,Remove and sharpen the wiper blades.,Check the windshield wipers for proper spring tension.,Check the wiper blades for damage.,,A,"When inspecting your windshield, you should look for cracks or other problems that could interfere with your ability to clearly see the road. The windshield wiper arms should be checked for proper spring tension. The wiper blades should be checked for damage, stiff rubber, and improper securement."
8516,"When starting an engine, oil pressure should come up to a normal level:",,Within seconds.,Within five minutes.,After about three minutes.,,A,Look at your truck's gauges when starting the engine. The oil pressure in an engine should come up to a normal level within seconds of the vehicle's engine being started.
11878,A driver can rely on front wheel braking to work:,,On dry roadways only.,Under all conditions.,"Under all conditions, except for snow.",,B,"Front wheel braking is effective under all road conditions. It is unlikely that you will experience a front wheel skid, even on ice."
11902,The ____ between an air compressor and reservoir tank prevents air from escaping if the air compressor has a leak.,,Slack adjuster,One-way check valve,Tractor protection valve,,B,A one-way check valve is required to be between an air compressor and the first main reservoir. This valve prevents air from escaping the system if the air compressor develops a leak.
9297,What color light indicates a vehicle's ABS is not working?,,Green,Blue,Yellow,,C,"On vehicles with Anti-Lock Braking Systems (ABS), yellow malfunction lamps alert the driver to ABS malfunction."
11326,"On flat surfaces, wheel chocks:",,Can be used to prevent a parked vehicle from moving.,Make it easier for a parked vehicle to roll.,Should only be used on the front driver's side tire.,,A,"In situations where a driver cannot use a parking brake, wheel chocks can be used to hold a parked vehicle in place on a level surface."
9006,If the low pressure warning light comes on while you are driving:,,Braking will only occur if there is enough air in the tanks.,You can brake 14 times before the air in the system runs out.,You should continue to drive normally and check the brake system when it is convenient.,"You should continue driving, but turn the emergency flashers on to warn other motorists.",A,"If the low air pressure warning light turns on, you should stop and safely park your vehicle as soon as possible. Controlled braking will be possible only as long as enough air remains in the tanks."
11314,A vehicle equipped with an Anti-Lock Braking System (ABS) uses a ____ light to warn that the system is not working properly.,,Green,Yellow,Orange,White,B,"Anti-Lock Braking System (ABS) malfunction lamps are usually yellow. Even if the ABS isn't working properly, a driver will still have access to the vehicle's usual braking functions."
11463,"When inspecting your brakes, a slack adjuster should move ____ from where it is attached to the push rod.",,At least three inches,More than two inches,Up to five inches,No more than one inch,D,"Check each slack adjuster after setting wheel chocks and disengaging the parking brake. Pull the slack adjusters to make sure they do not move more than about one inch from where the push rod is attached. If they move more than one inch, they may be out of adjustment and will need to be fixed."
9382,"If the air pressure warning light comes on, you should:",,Continue driving normally.,Activate your hazard lights and continue driving.,Call the local law enforcement agency.,Safely exit the roadway and stop.,D,"If the air pressure warning light or buzzer comes on while you are driving, you should immediately stop and safely park the vehicle. This warning signal indicates that there is a problem in the air brake system that needs to be fixed."
8869,What color is the low air pressure warning light?,,Green,Orange,Red,Purple,C,A low air pressure warning signal is required in vehicles with air brakes. The warning light is usually red and may be accompanied by a buzzer.
11532,A slack adjuster should move no more than ____ from where it is attached to the push rod.,,Two inches,Five inches,One inch,,C,"Before a trip, you should check each slack adjuster after parking, setting wheel chocks, and disengaging the parking brake. Pull the slack adjusters to make sure that they do not move more than about one inch from where the push rod is attached. If they move more than one inch, they may be out of adjustment and will need to be fixed."
10231,"If you’re driving and the ABS warning light comes on, it means:",,The ABS is working properly.,The ABS has just been activated.,The ABS is not working properly.,The ABS needs to be activated.,C,"Vehicles with Anti-Lock Braking Systems (ABS) have yellow malfunction lights to alert the driver if something is wrong with the braking system. If these lights activate, the driver may have lost ABS on one or more wheels."
11664,Front wheel braking works:,,Only on packed snow.,Under all conditions.,Only if the road is dry.,Under most conditions.,B,"Front wheel braking is effective under all road conditions. It is unlikely that you will experience a front wheel skid, even on ice."
11858,"When connecting a converter dolly to a second trailer, the trailer height should be ____ the center of the fifth wheel.",,Level with,Slightly higher than,Slightly lower than,,C,"When connecting a converter dolly to a second or third trailer, the trailer height should correct. It should be slightly lower than the center of the fifth wheel."
11839,"After completing a pre-trip inspection, you should ensure that the:",,Service line valve is closed.,Trailer hand brake is applied.,Emergency line valve is open.,,A,"Before a trip, you should ensure that air reaches all air brakes on all trailers by opening up the rear emergency line and service line shut-off valves and listening for escaping air. Close both shut-off valves before beginning to drive."
11526,How much space should be between the upper and lower fifth wheel?,,About five inches of space,A maximum of two inches of space,No space,,C,"Before a trip, be sure to inspect all couplings. There should be no space between the upper and lower fifth wheel."
11617,"After connecting the air lines to the trailer while coupling, you should:",,Supply air to the trailer.,Chock the wheels.,Inspect the fifth wheel.,,A,"Correctly following the steps to couple and uncouple trailers is vital to safely operating a combination vehicle. After connecting the air lines to the trailer while coupling, you should supply air to the trailer."
11854,"When backing up while coupling a trailer, the tractor should be positioned:",,Directly in front of the trailer.,Directly next to the trailer.,Parallel with the trailer.,,A,"When backing up to couple a trailer, you should position the tractor directly in front of the trailer. Trying to couple while backing at an angle could cause the trailer to move and the landing gear to break."
11836,Look into the back of the fifth wheel:,,While testing your air brakes.,If your vehicle begins to skid.,When inspecting a coupling.,,C,"While inspecting a coupling, you should go under the trailer and look into the back of the fifth wheel. Ensure that the fifth wheel jaws are secured around the shank of the kingpin."
9541,When coupling a trailer:,,Make sure to couple matching glad hands.,Any glad hand can be connected to any other glad hand.,It is best to leave one glad hand unattached.,Only one set of glad hands should be connected.,A,"When coupling, make sure you couple matching glad hands. They are often color-coded to help drivers avoid mistakes. Typically, blue is used for service lines and red is used for emergency lines."
8902,Failure to keep the fifth wheel plate properly greased could:,,Cause the trailer to disconnect.,Cause steering problems.,Cause braking problems.,Affect the lights.,B,"Failure to keep the fifth wheel plate properly lubricated can create friction between the tractor and trailer, causing steering problems."
8890,"When backing a trailer, how should you turn the steering wheel?",,Turn the top of the steering wheel in the direction you want the trailer to go.,Turn the top of the steering wheel in the direction opposite of where you want the trailer to go.,It doesn’t matter.,It depends on where the trailer is being backed.,B,"When backing with a trailer, turn the top of the steering wheel in the direction opposite of where you want to go. Once the trailer begins turning, you should then switch the direction of the steering wheel to follow the trailer."
11584,"After finishing a pre-trip inspection, you should:",,Close the service line valve.,Remove the service line valve.,Leave the emergency line valve open.,Leave the rear shut-off valves open.,A,"Before a trip, you should ensure that air reaches all air brakes on all trailers by opening up the rear emergency line and service line shut-off valves to listen for escaping air. Close both shut-off valves before beginning to drive."
9658,Proper coupling technique:,,Is the same on all vehicles.,Is essential to the safe operation of a vehicle.,Includes ensuring that the fifth wheel plate is not greased.,Can be learned over time.,B,Knowing proper coupling and uncoupling technique is fundamental to the safe operation of combination vehicles. Improper coupling can be very dangerous.
11578,"While inspecting a coupling, you should go under the trailer and:",,Detach the jaws from around the kingpin.,"Make sure the locking lever is in the ""emergency"" position.",Remove the safety latch.,Look into the back of the fifth wheel.,D,"While inspecting a coupling, you should go under the trailer and look into the back of the fifth wheel. Ensure that the fifth wheel jaws are secured around the shank of the kingpin."
11857,"In a double or triple combination, the ____ trailer should be directly behind the cab.",,Lightest,Heaviest,Smallest,,B,"When positioning trailers in a combination, the most heavily-loaded trailer should be the closest to the tractor. The lightest trailer should be positioned in the rear."
11845,"In an empty combination vehicle, the stiff suspension springs and strong brakes will have:",,High traction.,Low traction.,No traction.,,B,"An empty combination vehicle will come to a complete stop more slowly than a fully-loaded vehicle. With less weight in a trailer, the stiff suspension springs and strong brakes will have lower traction than they would if the vehicle carried more weight."
11457,"After coupling, there should be ____ between the upper and lower fifth wheel.",,No space,Very little space,A lot of space,Three inches of space,A,"Before a trip, be sure to inspect all couplings. There should be no space between the upper and lower fifth wheel."
11855,"When coupling, after you've connected the air lines to the trailer, you should:",,Supply air to the trailer.,Activate the emergency brake.,Disconnect the glad hands.,,A,"Correctly following the steps to couple and uncouple trailers is vital to safely operating a combination vehicle. After connecting the air lines to the trailer while coupling, you should supply air to the trailer."
11075,"When coupling, you should:",,Make sure to couple the proper glad hands.,Only couple one set of glad hands.,It is best to leave one glad hand loose.,,A,"When coupling air brake hoses, you should make sure the proper pairs of gland hands are connected. They are sometimes color-coded to help drivers avoid mistakes. Typically, blue is used for service lines and red is used for emergency lines."
10314,"When backing a trailer, you must turn the steering wheel:",,In the direction you want the trailer to move.,In the direction opposite of where you want the trailer to move.,To the left until backing is complete.,,B,"When backing a vehicle with a trailer, you must turn the steering wheel in the direction opposite of where you want to go. Once your trailer starts to turn, you should turn the steering wheel the other way to follow the trailer."
11856,"When backing up your tractor while coupling it to a trailer, the trailer brakes should be:",,Deactivated.,Locked.,Unlocked.,,B,"Correctly following the steps to couple and uncouple trailers is vital to safely operating a combination vehicle. Before backing your tractor under the trailer while coupling, make sure your trailer brakes are locked."
11145,When coupling:,,You can assume all vehicles are the same.,Be sure that you are coupling correctly.,Cracks in the mounting are acceptable.,,B,Incorrect coupling and uncoupling of combination vehicles can have extremely dangerous consequences.
