section-num,section-name,question,options,correct-answer,note
1,"Adverse Weather and Visibility Conditions","When encountering a deep puddle on the road ahead, you should:","a: Keep the posted speed to pass through the water.,b: Steer clear of the puddle if possible.,c: Shift to neutral while driving through the water.",b,"Avoiding deep puddles prevents skidding or hydroplaning, as wet surfaces are slippery and reduce traction."
7,"Railroad Crossings","If traffic blocks you from fully crossing railroad tracks, you may proceed only when:","a: An approaching train is too slow to be a threat.,b: Your entire vehicle can fit on the other side.,c: At least half of your vehicle can cross the tracks.",b,"You must ensure your whole vehicle can clear the tracks to avoid being stuck, as partial crossing is dangerous."
8,"General Driving Techniques and Emergencies","If you’re about to be rear-ended, you should not:","a: Unfasten your seat belt.,b: Brace yourself.,c: Press your head against the headrest.",a,"Keep your seat belt on and brace yourself to minimize injury; unfastening the belt increases risk during impact."
5,"Passing, Lane Changes, and Speed Management","If a vehicle is tailgating you on a two-lane road:","a: Slow down gradually to prompt the tailgater to pass.,b: Speed up to widen the gap between you and the vehicle.,c: Brake suddenly then return to your normal speed.",a,"Slowly reducing speed encourages the tailgater to pass safely when the road is clear, avoiding abrupt braking."
8,"General Driving Techniques and Emergencies","If you see animals near the roadway while driving:","a: Accelerate to scare them off.,b: Slow down and drive cautiously.,c: Swerve quickly into another lane.",b,"Slow down to avoid sudden animal movements, as they may dart onto the road unexpectedly."
2,"Traffic Signs, Signals, and Markings","When driving beside a single broken white line on a highway:","a: You cannot cross the line to pass.,b: You may cross to pass or change lanes.,c: You may cross only from the left lane.",b,"A broken white line allows passing or lane changes if safe, as it separates same-direction traffic."
2,"Traffic Signs, Signals, and Markings","On a one-way street if an emergency vehicle with flashing lights approaches, you must:","a: Drive with your hazard lights on.,b: Pull to the nearest roadside and stop.,c: Speed up to take the nearest exit.",b,"Stop at the roadside to allow the emergency vehicle to pass safely, regardless of traffic direction."
2,"Traffic Signs, Signals, and Markings","If a green light is on but the intersection is blocked by traffic, you should:","a: Turn left to find another route.,b: Stay out of the intersection until it clears.,c: Enter the intersection with other vehicles.",b,"Wait outside the intersection to avoid blocking cross traffic when the light changes to red."
3,"Impaired Driving","If you feel fatigued while driving, you should:","a: Speed up to reach your destination sooner.,b: Turn up the radio volume.,c: Find a safe spot to take a short nap.",c,"A short nap in a safe parking area can refresh you, as fatigue impairs focus and reaction time."
6,"Parking and Stopping","When parked parallel to the curb, you may exit on the traffic side only:","a: During daylight when visible to other drivers.,b: When the nearest traffic light is red.,c: When it won’t interfere with oncoming traffic.",c,"Exit only when safe to avoid disrupting traffic or endangering bicyclists and vehicles."
2,"Traffic Signs, Signals, and Markings","At a railroad crossing with lowered gates and flashing lights, you should:","a: Drive around the gates if no train is visible.,b: Stop well behind the gates and wait until they lift.,c: Slow down and bypass the gates.",b,"Stop and wait for the gates to rise and tracks to clear, as driving around gates is illegal."
8,"General Driving Techniques and Emergencies","If your view is blocked at an intersection, you should:","a: Slow down and check both directions.,b: Keep your speed and look both ways.,c: Stop then inch forward to see clearly.",c,"Stop and inch forward to ensure a clear view of cross traffic before proceeding."
8,"General Driving Techniques and Emergencies","If you’re angry after an argument, you should:","a: Play loud music to distract from the anger.,b: Calm down before driving.,c: Drive on the highway to vent frustration.",b,"Take time to cool off, as anger can impair focus and lead to unsafe driving decisions."
1,"Adverse Weather and Visibility Conditions","If dust or smoke reduces visibility on the road, drive slower and use:","a: Emergency flashers.,b: Parking lights.,c: Headlights.",c,"Headlights improve visibility for you and others in low-visibility conditions like dust or smoke."
6,"Parking and Stopping","If parking in an unusual area, you should:","a: Turn on reverse lights.,b: Ensure your vehicle is visible from all directions.,c: Park five feet from the curb.",b,"Make your vehicle visible to approaching drivers to prevent collisions in non-standard parking areas."
3,"Impaired Driving","To pass behind a backing tractor-trailer, you should:","a: Pass quickly.,b: Wait until the truck stops backing.,c: Honk to alert the driver.",b,"Wait for the truck to stop, as the driver may not see you in their blind spot while backing."
1,"Adverse Weather and Visibility Conditions","To slow down on a slippery road, you should first:","a: Press the brakes firmly.,b: Remove your foot from the gas pedal.,c: Use the parking brake.",b,"Take your foot off the gas to slow down gradually, avoiding sudden braking that could cause skidding."
5,"Passing, Lane Changes, and Speed Management","When planning to pass another vehicle, you should:","a: Not expect the other driver to yield space.,b: Assume the other driver will yield if you signal.,c: Assume the other driver’s speed won’t change.",a,"Don’t rely on other drivers to make room; ensure the lane is clear before passing."
8,"General Driving Techniques and Emergencies","If you reach an intersection but aren’t in the correct lane to turn, you should:","a: Cut across traffic to turn.,b: Signal and turn from your current lane.,c: Proceed to the next intersection to turn.",c,"Go to the next intersection to turn from the proper lane, avoiding unsafe last-minute maneuvers."
2,"Traffic Signs, Signals, and Markings","If an edge line angles inward on a road, it indicates:","a: The speed limit is decreasing.,b: The road is narrowing.,c: The road is widening.",b,"An inward-angling edge line signals a narrowing road, requiring cautious merging."
2,"Traffic Signs, Signals, and Markings","When seeing orange construction signs on a freeway, you must:","a: Slow down due to a lane ending.,b: Prepare for workers and equipment.,c: Change lanes and keep your speed.",b,"Be ready for workers and equipment in work zones, reducing speed if necessary."
8,"General Driving Techniques and Emergencies","If you stop on the road at night, you should:","a: Turn off all lights.,b: Use only parking lights.,c: Use headlights only.,d: None",d,"Use emergency flashers and keep low beams on to ensure visibility to other drivers."
8,"General Driving Techniques and Emergencies","To turn left onto a one-way street, complete the turn into:","a: The right lane.,b: The lane nearest your previous lane.,c: Either lane.",b,"Turn into the lane closest to your original lane for proper positioning."
8,"General Driving Techniques and Emergencies","If your car breaks down on a highway, you should:","a: Stay in the car and wait.,b: Use hazard flashers to warn drivers.,c: Honk at passing vehicles.",b,"Activate hazard flashers and park off the road to alert others of your disabled vehicle."
8,"General Driving Techniques and Emergencies","If your car’s suspension is faulty, it can cause:","a: Vehicle control issues.,b: Squealing brakes.,c: Loose steering.",a,"Poor suspension leads to control problems, making the vehicle harder to handle."
8,"General Driving Techniques and Emergencies","If your vehicle starts to skid, you should:","a: Lift off the gas pedal.,b: Brake hard.,c: Turn off the engine.",a,"Release the gas pedal to regain balance and steer in the direction of the skid."
8,"General Driving Techniques and Emergencies","If your vehicle has a two-part seat belt, you should:","a: Use only the lap belt.,b: Use both lap and shoulder belts.,c: Use only the shoulder belt.",b,"Wear both belts for maximum protection, as using only one reduces safety."
1,"Adverse Weather and Visibility Conditions","If your vehicle loses traction on a wet road, you should:","a: Drive at a steady speed.,b: Brake firmly to stop sliding.,c: Slow down gradually without braking.",c,"Gradually slow down to regain traction, avoiding brakes to prevent hydroplaning."
6,"Parking and Stopping","In a disabled parking space without a disabled person, a driver:","a: May park in an emergency.,b: May stop in an emergency.,c: May stand in an emergency.",c,"Only standing is allowed in an emergency; parking or stopping is prohibited."
5,"Passing, Lane Changes, and Speed Management","Generally, pass vehicles traveling in the same direction:","a: On their right.,b: On their left.,c: Only with their signal.",b,"Pass on the left in the passing lane when safe and legal to do so."
3,"Impaired Driving","In New York, a BAC of ____ is evidence of intoxication:","a: 0.05 percent,b: 0.03 percent,c: 0.08 percent",c,"A BAC of 0.08 percent or higher legally indicates intoxication in New York."
8,"General Driving Techniques and Emergencies","In New York, who must wear seat belts in moving vehicles?","a: Only drivers,b: Only passengers,c: Drivers and all passengers",c,"All occupants must wear seat belts to comply with New York law."
5,"Passing, Lane Changes, and Speed Management","Passing is always prohibited when:","a: The vehicle ahead is turning left.,b: On a two-lane one-way street.,c: The vehicle ahead is stopped for a pedestrian.",c,"Never pass a vehicle stopped at a crosswalk, as pedestrians have priority."
8,"General Driving Techniques and Emergencies","Interstate driving demands:","a: Ability to drive safely at high speeds.,b: Constant alertness.,c: Both of these.",c,"Interstate driving requires high-speed capability and constant vigilance."
3,"Impaired Driving","Drowsiness, like alcohol, can:","a: Enhance driving skills.,b: Improve your mood.,c: Impair your judgment.",c,"Drowsiness slows reactions and impairs judgment, similar to alcohol."
8,"General Driving Techniques and Emergencies","Many crashes result from:","a: Driving too fast for conditions.,b: Regularly checking mirrors.,c: Yielding the right-of-way.",a,"Excessive speed for conditions is a leading cause of traffic crashes."
2,"Traffic Signs, Signals, and Markings","Minimum speed signs aim to:","a: Maintain smooth traffic flow.,b: Show local road conditions.,c: Test traffic signal needs.",a,"Minimum speed limits prevent slow driving that disrupts traffic flow."
4,"Interacting with Pedestrians, Bicyclists, and Other Special Road Users","Bicycles used after dark must have:","a: Reflective handlebar grips.,b: A front headlight and red taillight.,c: White fender reflectors.",b,"A headlight and red taillight ensure visibility at night for safety."
1,"Adverse Weather and Visibility Conditions","Night driving is harder than daytime because:","a: Cars overheat more at night.,b: Visibility is reduced.,c: Rain is more likely at night.",b,"Reduced visibility at night requires slower speeds and proper headlights."
2,"Traffic Signs, Signals, and Markings","With a green arrow, you must:","a: Yield to vehicles bikes or pedestrians in the intersection.,b: Yield only to pedestrians.,c: Wait four seconds before moving.",a,"Yield to any traffic or pedestrians still in the intersection before turning."
2,"Traffic Signs, Signals, and Markings","On a multilane road, a dashed yellow line beside a solid yellow line means:","a: No passing in either direction.,b: Passing allowed in both directions.,c: Passing allowed only beside the dashed line.",c,"Only traffic next to the dashed line may pass, if safe."
5,"Passing, Lane Changes, and Speed Management","On a New York highway with no posted speed limit, the maximum speed is:","a: 50 mph.,b: 55 mph.,c: 60 mph.",b,"The default maximum speed is 55 mph unless otherwise posted."
4,"Interacting with Pedestrians, Bicyclists, and Other Special Road Users","On a road without sidewalks, pedestrians should walk:","a: On the side with less traffic.,b: With the flow of traffic.,c: Facing oncoming traffic.",c,"Walk facing traffic to see and react to approaching vehicles."
3,"Impaired Driving","On average, the body clears alcohol from a 12-ounce beer in about:","a: One hour.,b: One day.,c: Five minutes.",a,"It takes about one hour to metabolize the alcohol in a 12-ounce beer."
3,"Impaired Driving","To avoid drowsiness on long trips, you should:","a: Turn on the radio.,b: Slow down.,c: Stop regularly for rest.",c,"Regular rest stops prevent fatigue and maintain alertness."
8,"General Driving Techniques and Emergencies","A defensive driving strategy is:","a: Focusing straight ahead.,b: Staying alert and scanning.,c: Expecting others to correct your mistakes.",b,"Constantly scan the road and surroundings to anticipate hazards."
3,"Impaired Driving","Only ____ reduces blood alcohol content (BAC) and alcohol’s effects:","a: Drinking caffeine,b: Eating fatty foods,c: Time",c,"Only time allows the body to eliminate alcohol and its effects."
8,"General Driving Techniques and Emergencies","People driving under the influence are:","a: Not an issue in New York.,b: Everyone’s problem.,c: Only a police issue.",b,"Impaired drivers endanger all road users, not just themselves."
2,"Traffic Signs, Signals, and Markings","Double solid yellow lines indicate:","a: Passing allowed in both directions.,b: Passing allowed only from your side.,c: No passing in either direction.",c,"Double solid yellow lines prohibit passing for both directions of traffic."
8,"General Driving Techniques and Emergencies","Seat belts are most effective when worn by:","a: Only the driver.,b: Passengers on long trips.,c: All vehicle occupants.",c,"All occupants benefit from seat belts, reducing injury risk in crashes."
8,"General Driving Techniques and Emergencies","Should you always drive slower than other traffic?","a: No slow driving can block traffic.,b: Yes it’s a defensive technique.,c: Yes it’s always safer.",a,"Driving too slowly can impede traffic flow and may result in a citation."
2,"Traffic Signs, Signals, and Markings","Orange-colored signs are:","a: Work zone signs.,b: Regulatory signs.,c: School zone signs.",a,"Orange signs with black symbols indicate work zones with workers or equipment."
8,"General Driving Techniques and Emergencies","Using a hand-held cell phone while driving is:","a: Safer than hands-free.,b: Allowed for teens only.,c: Illegal.",c,"Speaking or listening on a hand-held phone while driving is illegal in New York."
1,"Adverse Weather and Visibility Conditions","Sudden wind gusts on highways:","a: Affect only large vehicles.,b: Only reduce visibility.,c: Affect all vehicles.",c,"Strong winds can impact all vehicles, potentially moving them or reducing visibility."
5,"Passing, Lane Changes, and Speed Management","Tailgating other drivers:","a: Frustrates others and may cause anger.,b: Cannot lead to a citation.,c: Prevents being cut off.",a,"Tailgating can provoke aggressive driving and is unsafe, risking legal consequences."
8,"General Driving Techniques and Emergencies","Texting while driving is:","a: Legal but not advised.,b: Illegal.,c: Safe.",b,"Texting while driving is illegal in New York, with fines up to $450."
3,"Impaired Driving","The amount of alcohol in the blood is called:","a: Implied consent (IC).,b: Blood alcohol concentration (BAC).,c: Rate of alcohol consumption (RAC).",b,"BAC measures the percentage of alcohol in the blood, indicating impairment."
8,"General Driving Techniques and Emergencies","The space needed to cross traffic depends on:","a: Road weather and oncoming traffic.,b: A stop sign’s presence.,c: Your turn signal use.",a,"Road conditions, weather, and oncoming traffic determine safe crossing space."
1,"Adverse Weather and Visibility Conditions","The best way to avoid hydroplaning is to:","a: Maintain tire condition.,b: Slow down on wet roads.,c: Watch for puddles.",b,"Slowing down on wet roads reduces the risk of tires losing traction."
5,"Passing, Lane Changes, and Speed Management","If a vehicle behind you starts to pass, you should:","a: Keep your speed to maintain traffic flow.,b: Pull right and stop.,c: Slow down slightly and stay in your lane.",c,"Slightly reduce speed and stay in your lane to allow a safe pass."
2,"Traffic Signs, Signals, and Markings","If a broken yellow line is next to your lane on a road with one solid yellow line:","a: Passing is prohibited.,b: You may pass if no oncoming traffic.,c: Only right turns are allowed.",b,"A broken yellow line on your side allows passing if the road is clear."
2,"Traffic Signs, Signals, and Markings","A driver’s left arm extended downward signals:","a: A left turn.,b: A right turn.,c: A stop.",c,"An extended downward arm indicates the driver intends to stop."
2,"Traffic Signs, Signals, and Markings","A driver’s left arm extended upward signals:","a: A left turn.,b: A right turn.,c: A stop.",b,"An upward arm signals a right turn intention."
5,"Passing, Lane Changes, and Speed Management","The maximum posted speed limit should be driven:","a: At night.,b: During the day.,c: Under ideal conditions.",c,"Drive the posted limit only in ideal conditions, adjusting for weather or traffic."
1,"Adverse Weather and Visibility Conditions","The most effective crash safety restraints are:","a: Only a lap and shoulder belt.,b: Only an airbag.,c: Both a lap/shoulder belt and airbag.",c,"Belts and airbags together provide optimal protection in a crash."
8,"General Driving Techniques and Emergencies","To make a right turn, you should:","a: Signal slow and stay near the centerline.,b: Signal slow and stay near the right curb.,c: Approach near the right then move to the middle.",b,"Signal, slow, and stay close to the right curb for a safe right turn."
5,"Passing, Lane Changes, and Speed Management","The safest driving speed is:","a: The posted speed limit.,b: Below the posted limit.,c: Based on weather and road conditions.",c,"Adjust speed for conditions, as the posted limit may be unsafe in adverse weather."
5,"Passing, Lane Changes, and Speed Management","In two lanes moving your direction if many vehicles pass you on the right while in the left lane you should:","a: Stay in the left lane.,b: Move to the left shoulder.,c: Move to the right lane when safe.",c,"Move to the right lane to allow faster traffic to pass safely."
4,"Interacting with Pedestrians, Bicyclists, and Other Special Road Users","If a pedestrian is crossing your lane without a crosswalk, you should:","a: Make eye contact and pass.,b: Slow down while passing.,c: Stop and let them cross.",c,"Yield to pedestrians crossing, even without a crosswalk, for their safety."
5,"Passing, Lane Changes, and Speed Management","To avoid blind spot collisions, you should:","a: Check your blind spot before changing lanes.,b: Adjust mirrors frequently.,c: Honk before turning.",a,"Glance over your shoulder to check blind spots before lane changes or turns."
1,"Adverse Weather and Visibility Conditions","To avoid glare from oncoming headlights, you should:","a: Look briefly to the right road edge.,b: Focus on the centerline.,c: Flash your high beams.",a,"Glance right to avoid glare while maintaining awareness of the road ahead."
8,"General Driving Techniques and Emergencies","To prevent crashes, you should:","a: Communicate with other road users.,b: Ignore other drivers.,c: Stick to side streets.",a,"Signal intentions to inform other drivers, reducing unexpected maneuvers."
1,"Adverse Weather and Visibility Conditions","In rain or fog, use:","a: Low beam headlights.,b: High beam headlights.,c: Parking lights.",a,"Low beams improve visibility and make you visible to others in adverse weather."
5,"Passing, Lane Changes, and Speed Management","To pass a slower vehicle on a two-lane, two-way road, you must:","a: Stay in your lane.,b: Flash lights at oncoming traffic.,c: Use the shoulder.,d: None",d,"Use the oncoming lane to pass only if safe and legal, not the shoulder."
8,"General Driving Techniques and Emergencies","To anticipate road hazards, you should:","a: Scan the entire road and roadsides.,b: Stare straight ahead.,c: Rest your foot on the brake.",a,"Continuously scan all directions to identify potential dangers early."
8,"General Driving Techniques and Emergencies","To avoid aggressive driving, you should:","a: Stay calm and focus on driving.,b: Drive above the speed limit.,c: Tailgate other drivers.",a,"Remain relaxed and drive within limits to prevent aggressive behavior."
4,"Interacting with Pedestrians, Bicyclists, and Other Special Road Users","When passing a bicycle, you should:","a: Honk to signal your approach.,b: Drive in the bike lane.,c: Slow down and give ample space.",c,"Slow down and provide space to avoid unsettling or endangering the cyclist."
8,"General Driving Techniques and Emergencies","To turn left from a multilane one-way street, start from:","a: The intersection’s middle.,b: The right lane.,c: The left lane.",c,"Begin left turns from the leftmost lane for proper alignment."
2,"Traffic Signs, Signals, and Markings","A solid red arrow at a traffic signal means:","a: It’s not used as a signal.,b: Stop like a red light.,c: Turn in the arrow’s direction.",b,"A red arrow requires a stop, similar to a circular red light."
8,"General Driving Techniques and Emergencies","Vehicle stopping distances do not depend on:","a: Your reaction time.,b: Time of day.,c: Brake condition.",b,"Stopping distance is unaffected by time of day, unlike reaction time or brakes."
1,"Adverse Weather and Visibility Conditions","Your car may hydroplane on wet roads at speeds as low as:","a: 45 mph.,b: 35 mph.,c: 40 mph.",b,"Hydroplaning can occur at 35 mph if tires lose traction on wet surfaces."
2,"Traffic Signs, Signals, and Markings","Highway exit distance signs are colored:","a: Yellow with black letters.,b: Green with white letters.,c: Red with white letters.",b,"Green signs with white letters indicate exit distances and destinations."
2,"Traffic Signs, Signals, and Markings","Warning signs for hazards are colored:","a: Black on white.,b: Black on yellow.,c: White on blue.",b,"Yellow signs with black symbols warn of upcoming road hazards."
2,"Traffic Signs, Signals, and Markings","A flashing yellow traffic light means:","a: Merging traffic.,b: Proceed cautiously.,c: Pedestrian crossing.",b,"Drive with caution, yielding to other traffic or pedestrians as needed."
2,"Traffic Signs, Signals, and Markings","A single dashed white line means:","a: Passing is always allowed.,b: Lanes move in opposite directions.,c: Passing is allowed if safe.",c,"Dashed white lines allow passing or lane changes when safe."
3,"Impaired Driving","Alcohol affects driving by:","a: Improving skills harming judgment.,b: Harming skills and judgment.,c: Having no effect.",b,"Alcohol impairs reaction time, vision, and judgment, reducing driving ability."
2,"Traffic Signs, Signals, and Markings","An orange sign indicates:","a: A no-passing zone.,b: A railroad crossing.,c: A work zone.",c,"Orange signs signal construction or maintenance work zones."
2,"Traffic Signs, Signals, and Markings","When a school bus’s red lights are flashing, you must:","a: Pass if no children are on the road.,b: Stop until the lights stop flashing.,c: Pass if facing the bus’s front.",b,"Stop at least 20 feet away until the lights stop and the stop arm is withdrawn."
3,"Impaired Driving","Drinking alcohol with medication can:","a: Reduce alcohol’s effect.,b: Help cure a cold.,c: Amplify the effects of both.",c,"Combining alcohol and drugs can intensify impairment, increasing risks."
3,"Impaired Driving","Refusing a chemical test in New York results in:","a: No evidence of drunk driving.,b: No arrest for drunk driving.,c: License suspension.",c,"Refusing a test leads to license suspension under New York’s Implied Consent Law."
8,"General Driving Techniques and Emergencies","An important step in turning is:","a: Checking traffic in all directions.,b: Speeding up.,c: Moving to the left lane.",a,"Check all directions to ensure it’s safe before making a turn."
7,"Railroad Crossings","At an unmarked railroad crossing, you should:","a: Stop completely.,b: Slow down and prepare to stop.,c: Not applicable as all crossings have signals.",b,"Slow down and be ready to stop if a train is approaching."
3,"Impaired Driving","The only way to lower your BAC is:","a: Drinking coffee.,b: Exercising.,c: Waiting for time to pass.",c,"Only time allows the body to metabolize and eliminate alcohol."
3,"Impaired Driving","Drugs that can impair driving include:","a: Allergy medicine.,b: Marijuana.,c: Cold remedies.,d: All of the above",d,"Prescription, over-the-counter, and illegal drugs can all impair driving ability."
2,"Traffic Signs, Signals, and Markings","A red octagon-shaped sign means:","a: Do not enter.,b: One-way.,c: Stop.",c,"An octagonal red sign always indicates a complete stop."
2,"Traffic Signs, Signals, and Markings","If you see a low shoulder sign, be concerned about:","a: Headlight misalignment.,b: Tire damage from the shoulder.,c: Hydroplaning on a wet shoulder.",c,"A low shoulder with water can cause hydroplaning if you drift off the road."
8,"General Driving Techniques and Emergencies","If your right wheels leave the pavement, you should:","a: Stop quickly.,b: Pull off the road completely.,c: Slow down and ease back onto the road.",c,"Slow down, steer parallel, and gently return to the road to maintain control."
8,"General Driving Techniques and Emergencies","When entering a roadway from a private road, you should:","a: Honk to warn other drivers.,b: Partially enter to signal your presence.,c: Yield to traffic and pedestrians.",c,"Yield to all traffic and pedestrians on the roadway for safety."
8,"General Driving Techniques and Emergencies","When a bicyclist makes a left turn, they may:","a: Use the left lane.,b: Cut through all lanes.,c: Wait on the roadside.",a,"Bicyclists can use the left lane to make a left turn, like other vehicles."
4,"Interacting with Pedestrians, Bicyclists, and Other Special Road Users","When a pedestrian with a white cane or guide dog crosses, you must:","a: Always yield the right-of-way.,b: Guide them where to cross.,c: Yield only at corners.",a,"Always yield to blind pedestrians using a cane or guide dog for their safety."
4,"Interacting with Pedestrians, Bicyclists, and Other Special Road Users","When a school bus is stopped to load/unload children, you must:","a: Stop until all children are off the bus.,b: Stop until the red lights stop flashing.,c: Pass slowly in another lane.",b,"Stop until the lights stop flashing and the stop arm is withdrawn, ensuring child safety."
2,"Traffic Signs, Signals, and Markings","At a flashing red traffic light, drivers should:","a: Proceed if no cross traffic.,b: Continue as they have right-of-way.,c: Treat it like a stop sign.",c,"A flashing red light requires a complete stop, like a stop sign, until safe to proceed."
4,"Interacting with Pedestrians, Bicyclists, and Other Special Road Users","When nearing a pedestrian with a white cane or guide dog, you should:","a: Stop until they’re clear of your path.,b: Honk while passing.,c: Drive around them carefully.",a,"Stop and wait until the pedestrian is well clear of your path for their safety."
2,"Traffic Signs, Signals, and Markings","At a steady yellow traffic light, drivers should:","a: Speed up to avoid a red light.,b: Continue with right-of-way.,c: Slow to a stop unless in the intersection.",c,"Stop unless already in the intersection, as a red light is imminent."
2,"Traffic Signs, Signals, and Markings","At a flashing yellow arrow, drivers:","a: Merge in the arrow’s direction.,b: Stop completely.,c: May turn left after yielding.",c,"Yield to oncoming traffic and pedestrians before making a left turn."
1,"Adverse Weather and Visibility Conditions","When braking on slippery surfaces, apply brakes:","a: Quickly.,b: Earlier than usual.,c: More abruptly.",b,"Apply brakes slowly and earlier to avoid locking wheels on slippery surfaces."
8,"General Driving Techniques and Emergencies","When changing lanes, you should:","a: Rely only on mirrors.,b: Signal while moving into the lane.,c: Signal at least 100 feet before.",c,"Signal 100 feet in advance and check blind spots to change lanes safely."
2,"Traffic Signs, Signals, and Markings","When two solid yellow lines divide traffic lanes:","a: You may pass from the left.,b: You may pass from the right.,c: Passing is prohibited in both directions.",c,"Double solid yellow lines prevent passing in either direction, except for permitted left turns into driveways."
8,"General Driving Techniques and Emergencies","While driving at night on a poorly lit street, you should:","a: Travel at a speed allowing you to stop within your headlight’s range.,b: Use high beams to see vehicles ahead better.,c: Keep dashboard lights bright for visibility.",a,"Drive slowly enough to stop within the area lit by your headlights to avoid unseen hazards."
8,"General Driving Techniques and Emergencies","When operating a vehicle at night, you should:","a: Always use high beam headlights.,b: Stare at oncoming vehicle headlights.,c: Extend your following distance.",c,"Increase following distance at night to allow more reaction time due to limited visibility."
8,"General Driving Techniques and Emergencies","When following another vehicle at night, you should:","a: Use low beam headlights.,b: Use high beams until 10 feet from the vehicle ahead.,c: Keep high beams on.",a,"Low beams prevent blinding the driver ahead when following closely at night."
8,"General Driving Techniques and Emergencies","Under normal driving conditions, when following another vehicle,  use the ____ rule.","a: Two-second,b: One-second,c: Half-second",a,"A two-second gap provides a safe stopping distance under ideal conditions."
8,"General Driving Techniques and Emergencies","In adverse weather, drivers should:","a: Speed up to reach their destination faster.,b: Reduce their following distance.,c: Increase their following distance.",c,"Extend following distance in bad weather to enhance reaction time for sudden stops."
1,"Adverse Weather and Visibility Conditions","In fog or mist, avoid using high beam headlights because:","a: Light reflects back impairing your vision.,b: Oncoming vehicles may not see you.,c: Vehicles behind may tailgate.",a,"High beams reflect off fog, creating glare that reduces your visibility."
1,"Adverse Weather and Visibility Conditions","When driving in fog, rain, or snow, you should use:","a: Low beam headlights.,b: High beam headlights.,c: Only fog lights.",a,"Low beams enhance visibility in adverse weather without causing glare."
1,"Adverse Weather and Visibility Conditions","When driving through fog, you should:","a: Reduce speed and use low beams.,b: Slow down and use high beams.,c: Flash lights to alert other drivers.",a,"Slowing down with low beams improves visibility and control in foggy conditions."
1,"Adverse Weather and Visibility Conditions","When driving in the rain, you must:","a: Use low beam headlights.,b: Use high beam headlights.,c: Use parking lights.",a,"Low beams are required in rain to improve visibility and ensure you’re seen."
8,"General Driving Techniques and Emergencies","When navigating traffic, it’s safest to:","a: Vary your speed to stay alert.,b: Drive faster than traffic flow.,c: Drive slower than traffic flow.",c,"Driving slightly slower than traffic allows better reaction time and reduces crash risk."
8,"General Driving Techniques and Emergencies","When near large trucks, drivers must account for:","a: Their longer stopping distance.,b: Their shorter stopping distance.,c: Their quieter operation.",a,"Large trucks need more distance to stop, requiring extra caution from others."
5,"Passing, Lane Changes, and Speed Management","When passing a recently stopped vehicle parked on the roadside, you should:","a: Assume the driver may open their door.,b: Accelerate quickly.,c: Brake hard.",a,"Anticipate a door opening to avoid a collision with a parked vehicle’s driver."
1,"Adverse Weather and Visibility Conditions","In low-visibility conditions like fog, you should:","a: Use high beam headlights.,b: Slow down and use low beams.,c: Speed up to avoid accidents.",b,"Slow down with low beams to maintain control and visibility in fog."
1,"Adverse Weather and Visibility Conditions","When driving on snowy or icy roads:","a: Using cruise control is safe.,b: Change speed and direction gradually.,c: Drive as in normal conditions.",b,"Gradual changes prevent skidding on slippery surfaces like snow or ice."
8,"General Driving Techniques and Emergencies","When joining an interstate highway, you should:","a: Stop check traffic and enter when safe.,b: Check traffic and slow to 25 mph before merging.,c: Check traffic match speed and merge when clear.",c,"Match traffic speed and merge into a clear gap for smooth entry."
2,"Traffic Signs, Signals, and Markings","When merging onto the interstate, find a traffic gap, match speed, signal, and:","a: Expect traffic to yield to you.,b: Carefully merge into the gap.,c: Wait for the lane to fully clear.",b,"Merge cautiously into the gap without assuming others will yield."
6,"Parking and Stopping","When pulling into traffic from a curb, you should:","a: Drive slower than traffic for 200 feet.,b: Wait for a gap to match traffic speed.,c: Enter after two vehicles pass.",b,"Wait for a large enough gap to accelerate to traffic speed safely."
8,"General Driving Techniques and Emergencies","When leaving an expressway, you should:","a: Speed up on the exit ramp.,b: Check the speed limit for the exit road.,c: Cut off other vehicles.",b,"Adjust speed based on the exit ramp’s posted limit for a safe exit."
2,"Traffic Signs, Signals, and Markings","When turning right on a green light, you must:","a: Keep your normal speed.,b: Stop and check for police.,c: Yield to pedestrians.",c,"Yield to pedestrians in crosswalks, even with a green light, for safety."
7,"Railroad Crossings","When is it legal to drive around or under a railroad crossing gate?","a: Never.,b: When you can see both directions clearly.,c: When warning lights are off.",a,"Driving around or under a railroad gate is always illegal and unsafe."
1,"Adverse Weather and Visibility Conditions","When an oncoming car’s headlights are blinding, you should:","a: Use high beams until they dim theirs.,b: Flash your lights to warn them.,c: Dim your lights and speed up to pass.",c,"Dim lights to reduce glare and pass quickly to regain clear vision."
5,"Passing, Lane Changes, and Speed Management","When merging onto a freeway, your speed should be:","a: At or near freeway traffic speed.,b: At the legal speed limit.,c: Slower than freeway traffic.",a,"Match freeway traffic speed to merge smoothly and avoid disruption."
6,"Parking and Stopping","When parallel parked, your vehicle should be within ____ of the curb.","a: One foot,b: Six inches,c: Three inches",a,"Park within one foot of the curb to leave space for other vehicles."
6,"Parking and Stopping","When parking uphill with a curb, set the parking brake and:","a: Keep rear tires against the curb.,b: Keep front tires straight.,c: Turn steering wheel away from the curb.",c,"Turn wheels away from the curb to prevent rolling into traffic."
6,"Parking and Stopping","When parking downhill on a two-way street:","a: Turn wheels to the right.,b: Turn wheels to the left.,c: Keep wheels straight.",a,"Turn wheels right toward the curb to secure the vehicle."
5,"Passing, Lane Changes, and Speed Management","When passing on a multilane highway:","a: Ensure the passing lane is clear.,b: Pass only on the right.,c: Watch for oncoming traffic.",a,"Check that the passing lane is clear and signal before overtaking."
2,"Traffic Signs, Signals, and Markings","If a solid yellow line is paired with a broken yellow line next to your lane you may pass:","a: Only in emergencies.,b: On expressways only.,c: If traffic is clear.",c,"Pass if the broken line is on your side and the road is clear."
8,"General Driving Techniques and Emergencies","When making a left turn at an intersection:","a: Yield to oncoming traffic and pedestrians.,b: Expect oncoming traffic to yield.,c: Never yield to oncoming traffic.",a,"Yield to oncoming traffic and pedestrians to avoid collisions."
8,"General Driving Techniques and Emergencies","When two vehicles reach an intersection from different roads simultaneously which yields?","a: Either vehicle,b: The vehicle on the left,c: The vehicle on the right",b,"The left vehicle yields to the right vehicle to prevent conflicts."
2,"Traffic Signs, Signals, and Markings","When nearing a railroad crossing without signals or gates, you should:","a: Cross quickly.,b: Always stop before crossing.,c: Be ready to yield to trains.",c,"Slow down and yield to any approaching train for safety."
8,"General Driving Techniques and Emergencies","If you’re being tailgated:","a: Move right if a lane is open.,b: If no right lane slow gradually to encourage passing.,c: Never brake suddenly.",b,"Slow down gradually to prompt the tailgater to pass safely."
6,"Parking and Stopping","When parking uphill on a street with a curb:","a: Keep wheels straight and set brake.,b: Turn front wheels away from curb.,c: Turn front wheels toward curb.",b,"Turn wheels away from the curb to prevent rolling."
2,"Traffic Signs, Signals, and Markings","When you see a flashing yellow light at an intersection, you should:","a: Yield to all traffic before proceeding.,b: Stop then proceed when safe.,c: Slow down and cross cautiously.",c,"Slow down and proceed carefully, yielding as needed."
4,"Interacting with Pedestrians, Bicyclists, and Other Special Road Users","When an emergency vehicle approaches, you should:","a: Stop immediately.,b: Move right and stop safely.,c: Proceed slowly to let it pass.",b,"Move to the right and stop to clear the path for the emergency vehicle."
8,"General Driving Techniques and Emergencies","When other drivers show anger:","a: Avoid eye contact.,b: Avoid hand gestures.,c: Distance yourself from them.",c,"Stay calm and keep distance to avoid escalating road rage."
8,"General Driving Techniques and Emergencies","When changing lanes, you should never:","a: Change lanes in an intersection.,b: Check blind spots over your shoulder.,c: Check for other vehicles in the lane.",a,"Changing lanes in an intersection is unsafe due to potential conflicts."
8,"General Driving Techniques and Emergencies","When preparing to turn right, position your vehicle:","a: Near the street’s center.,b: Close to the left side.,c: Close to the right side.",c,"Stay close to the right for a safe right turn."
5,"Passing, Lane Changes, and Speed Management","When overtaking another vehicle, you should:","a: Wait for their signal.,b: Change lanes quickly.,c: Signal and pass when safe.",c,"Signal and pass only when the road is clear and safe."
8,"General Driving Techniques and Emergencies","Which factors often contribute to traffic crashes?","a: Speeding or driving too fast for conditions.,b: Getting enough rest.,c: Staying focused on driving.",a,"Excessive speed or inappropriate speed for conditions causes many crashes."
8,"General Driving Techniques and Emergencies","Which are used on highways to guide drivers into turning lanes?","a: Flashing red lights,b: Flashing yellow lights,c: White lines on the road",c,"White lines or arrows direct drivers into proper turning lanes."
8,"General Driving Techniques and Emergencies","Which disrupts smooth traffic flow?","a: Slowing to view a crash scene.,b: Avoiding unnecessary lane changes.,c: Using public transit.",a,"Rubbernecking at crashes slows traffic and risks further accidents."
8,"General Driving Techniques and Emergencies","Which commonly cause traffic accidents?","a: Inattentive driving,b: Excessive speed for conditions,c: Tailgating,d: All",d,"All of the above are major causes of accidents"
3,"Impaired Driving","Which does alcohol affect?","a: Recovery from headlight glare,b: Reaction time,c: Distance judgment,d: All",d,"Alcohol impairs glare recovery, reaction time, and distance judgment."
3,"Impaired Driving","Which influence alcohol’s effects?","a: Food in the stomach,b: Body weight,c: Time between drinks,d: All",d,"Food, weight, and drink timing affect alcohol absorption and impairment."
1,"Adverse Weather and Visibility Conditions","Which is most likely slippery in cold weather after snow or rain?","a: An open hilly road,b: A residential street,c: A shaded road",c,"Shaded areas retain ice longer, increasing slipperiness."
8,"General Driving Techniques and Emergencies","Which takes precedence over the others?","a: A steady red light,b: A police officer,c: A stop sign",b,"A police officer’s directions override traffic signals or signs."
2,"Traffic Signs, Signals, and Markings","Which sign is rectangular?","a: School crossing sign,b: Railroad crossing sign,c: Stop sign",a,"School crossing signs are rectangular, unlike round or octagonal signs."
3,"Impaired Driving","Which is true about BAC (blood alcohol content)?","a: A breathalyzer tests BAC.,b: A chemical test is required for conviction.,c: Physical fitness reduces BAC.",a,"A breathalyzer measures BAC, but convictions may not need a chemical test."
8,"General Driving Techniques and Emergencies","Which statements are true?","a: Weather changes require driving adjustments.,b: Slow down in rain and fog.,c: Watch for vehicles behind in bad weather.,d: All of the above",d,"Adjust for weather, reduce speed in rain/fog, and monitor rear traffic."
8,"General Driving Techniques and Emergencies","Which is a safe driving technique?","a: Using high beams in fog.,b: Focusing only ahead.,c: Checking mirrors frequently.",c,"Regular mirror checks improve awareness of surrounding hazards."
3,"Impaired Driving","Which is true about drinking and driving?","a: Walking straight means you can drive.,b: Below legal BAC means no impairment.,c: Alcohol impairs driving judgment.",c,"Alcohol affects judgment, critical for safe driving, even below legal limits."
8,"General Driving Techniques and Emergencies","Which is true about large trucks?","a: They stop slower than cars.,b: They stop quickly with air brakes.,c: They’re more maneuverable than cars.",a,"Large trucks need longer stopping distances due to their weight."
5,"Passing, Lane Changes, and Speed Management","Which is true about speed?","a: Driving too slowly can never be risky.,b: Speeding can be fatal.,c: Speeding is safe for skilled drivers.",b,"Speeding increases crash severity."
7,"Railroad Crossings","Which vehicles must stop at all railroad crossings?","a: Pick-up trucks,b: School buses and occupied passenger buses,c: Motorcycles",b,"School and occupied passenger buses must stop at all crossings."
1,"Adverse Weather and Visibility Conditions","At night, if an oncoming vehicle’s high beams impair your vision, you should:","a: Look toward the left lane edge.,b: Look toward the right lane edge.,c: Look straight ahead.",b,"Look right to avoid glare while staying in your lane."
2,"Traffic Signs, Signals, and Markings","Yellow lines separate:","a: One-way street lanes.,b: Opposing traffic on two-way roads.,c: Carpool lanes from regular lanes.",b,"Yellow lines divide opposing traffic on two-way roads for safety."
2,"Traffic Signs, Signals, and Markings","When nearing a railroad crossing with a crossbuck but no gates or lights, you should:","a: Cross cautiously only if no train is coming.,b: Lower your radio to listen for trains.,c: Proceed only with a flagger’s clearance.",a,"Cross only after ensuring no train is approaching, with extreme caution."
2,"Traffic Signs, Signals, and Markings","When a traffic light turns from green to solid yellow, you should:","a: Treat it as a caution and proceed.,b: Stop immediately.,c: Stop unless too close to do so safely.",c,"Stop before entering unless too close, as yellow signals an impending red."
2,"Traffic Signs, Signals, and Markings","At a green light with pedestrians crossing against the red, you should:","a: Honk your horn.,b: Speed up to pass them.,c: Stop to let them cross safely.",c,"Yield to pedestrians in the intersection for their safety, despite the green light."
4,"Interacting with Pedestrians, Bicyclists, and Other Special Road Users","When hearing a siren but not seeing an emergency vehicle, you should:","a: Continue driving until you see it.,b: Pull over and check if it’s nearby.,c: Slow down but don’t stop.",b,"Pull over to the curb to locate and yield to the emergency vehicle."
5,"Passing, Lane Changes, and Speed Management","On a three-lane expressway in the middle lane if a car passes you on the right,  their action is:","a: Wrong as passing must be on the left.,b: Wrong as they’re in your blind spot.,c: Allowed on a limited-access highway.",c,"Passing on the right is permitted on multilane highways if safe."
8,"General Driving Techniques and Emergencies","When moving from the right to the left lane on a multilane highway, you should:","a: Check your rearview mirror for traffic.,b: Look over your left shoulder for blind spots.,c: Use your side mirror signal and check traffic.",c,"Signal, check mirrors, and look over your shoulder for a safe lane change."
2,"Traffic Signs, Signals, and Markings","On a city street with an emergency vehicle flashing lights behind you, you should:","a: Move right and slow down.,b: Move right and stop.,c: Stay in your lane and slow down.",b,"Stop at the right edge to allow the emergency vehicle to pass safely."
4,"Interacting with Pedestrians, Bicyclists, and Other Special Road Users","On a divided multilane highway with an approaching emergency vehicle, you should:","a: Ignore it if other lanes are free.,b: Stop immediately.,c: Slow down move over and stop.",c,"Slow down, move to clear a path, and stop for the emergency vehicle."
8,"General Driving Techniques and Emergencies","On a one-way street, you may turn left onto another one-way street if:","a: You speed up before turning.,b: Traffic on the new street flows right.,c: Traffic on the new street flows left.",c,"Left turns are allowed if the receiving street’s traffic moves left."
8,"General Driving Techniques and Emergencies","If you’re in an accident, you should:","a: Stop immediately.,b: Assist the injured.,c: Call the police.",a,"Stop immediately to assess, then help the injured and contact police."
8,"General Driving Techniques and Emergencies","When completing a left turn from a two-way to a one-way street,  your vehicle should be in:","a: The right lane.,b: The center of the street.,c: The left lane.",c,"End the turn in the leftmost lane of the one-way street."
8,"General Driving Techniques and Emergencies","When exiting the interstate, start slowing down:","a: Halfway through the deceleration lane.,b: As you approach the deceleration lane.,c: Upon entering the deceleration lane.",c,"Begin reducing speed as you enter the deceleration lane to match exit speed."
8,"General Driving Techniques and Emergencies","While waiting in an intersection for a left turn, you should:","a: Signal and keep wheels turned left.,b: Signal and keep wheels straight.,c: Flash headlights to alert drivers.",b,"Keep wheels straight to avoid being pushed into oncoming traffic if rear-ended."
2,"Traffic Signs, Signals, and Markings","At an intersection with a flashing red light, you should:","a: Stop fully and proceed when safe.,b: Stop only if other cars approach.,c: Stop only if cars are in the intersection.",a,"A flashing red light requires a complete stop until it’s safe to proceed."
8,"General Driving Techniques and Emergencies","If an intersection is blocked by traffic, you should:","a: Move slowly until traffic clears.,b: Get close to the car ahead.,c: Stay out of the intersection.",c,"Wait outside the intersection to avoid blocking it and ensure smooth flow."
8,"General Driving Techniques and Emergencies","You drive defensively by:","a: Keeping one car length from the vehicle ahead.,b: Focusing only on the car in front.,c: Scanning for potential hazards.",c,"Constantly scan for hazards to anticipate and avoid dangers."
8,"General Driving Techniques and Emergencies","You have the right-of-way when:","a: Entering a traffic circle.,b: Backing out of a driveway.,c: Leaving a parking space.,d: none",d,"You must yield in these situations to other traffic."
6,"Parking and Stopping","If you hit a parked vehicle and can’t find the owner, you must:","a: Call your insurance later.,b: Wait for the owner.,c: Leave a note with your name and address.",c,"Leave a note with your contact details securely on the vehicle."
2,"Traffic Signs, Signals, and Markings","You may cross a single solid white line on the highway:","a: Anytime you choose.,b: If traffic conditions require it.,c: Only to turn into a driveway.",b,"Cross a solid white line only when necessary due to traffic conditions."
2,"Traffic Signs, Signals, and Markings","You may cross double solid yellow lines:","a: To pass a slow truck.,b: To turn into a driveway.,c: To pass another vehicle.",b,"Cross double yellow lines only for permitted turns into driveways."
2,"Traffic Signs, Signals, and Markings","You may cross a dashed white line:","a: At any time.,b: Only in daylight.,c: When safe to change lanes.",c,"Cross dashed white lines only when it’s safe to change lanes or pass."
7,"Railroad Crossings","You may drive around or under a lowering or raising railroad gate:","a: If no train is too close.,b: If your vehicle won’t damage the gate.,c: After checking both directions.,d: none",d,"Driving around or under a railroad gate is always prohibited."
7,"Railroad Crossings","You may drive around railroad crossing gates:","a: After the train passes.,b: Under no circumstances.,c: When lights stop flashing.",b,"Driving around gates is illegal due to safety risks."
2,"Traffic Signs, Signals, and Markings","You may not cross a single broken white or yellow line:","a: If it disrupts traffic.,b: When turning left into a driveway.,c: If the car ahead is disabled.",a,"Don’t cross a broken line if it would interfere with traffic flow."
6,"Parking and Stopping","You may not park:","a: On a hill.,b: In a parking lot.,c: On a crosswalk or bike lane.",c,"Parking on crosswalks or bike lanes is illegal to protect pedestrians and cyclists."
2,"Traffic Signs, Signals, and Markings","You may stop on a freeway shoulder:","a: With emergency flashers on.,b: If no part of your vehicle is on the road.,c: To check a map.,d: none",d,"Stopping on the freeway shoulder is allowed only in emergencies."
5,"Passing, Lane Changes, and Speed Management","You may pass a vehicle when:","a: On a hill or curve.,b: With a solid line next to your lane.,c: With a broken line next to your lane.",c,"Pass only with a broken line and when it’s safe to do so."
2,"Traffic Signs, Signals, and Markings","You may pass another vehicle if the lane divider is a ____ line.","a: Broken white,b: Double solid yellow,c: Solid yellow",a,"A broken white line permits passing if safe, unlike solid lines."
5,"Passing, Lane Changes, and Speed Management","You may pass on the right if the vehicle ahead is waiting to:","a: Turn right.,b: Turn left.,c: Park at the curb.",b,"Pass on the right when the vehicle ahead is preparing to turn left, if safe."
5,"Passing, Lane Changes, and Speed Management","You must not exceed a speed that is:","a: The maximum speed limit.,b: Faster than reasonable and prudent.,c: Safe for current conditions.,d: All",d,"Stay within the speed limit and adjust for conditions to drive safely."
1,"Adverse Weather and Visibility Conditions","You must show proof of insurance to police:","a: Only in a collision.,b: In a collision or when cited.,c: Only when cited.",b,"Provide insurance proof in collisions or when stopped for a citation."
7,"Railroad Crossings","You must stop at a railroad crossing when:","a: A flagger directs you.,b: A stop sign is present.,c: Flashing red signals and gates are active.,d: All of the above",d,"Stop for a flagger, stop sign, or active signals and gates indicating a train."
4,"Interacting with Pedestrians, Bicyclists, and Other Special Road Users","You must stop for a school bus:","a: Parked empty on the shoulder.,b: Approaching without flashing lights.,c: On a two-lane road with flashing red lights.",c,"Stop for a school bus with flashing red lights on a two-lane road."
8,"General Driving Techniques and Emergencies","You must yield to an approaching vehicle when:","a: In a traffic circle.,b: In an intersection.,c: Going straight ahead.",c,"Yield when going straight to avoid collisions with approaching vehicles."
4,"Interacting with Pedestrians, Bicyclists, and Other Special Road Users","Be cautious when passing a bicycle because:","a: You’re faster than the bicycle.,b: Bicycles always have right-of-way.,c: Oncoming traffic may not see you.",c,"Oncoming traffic may miss you passing, increasing collision risk."
1,"Adverse Weather and Visibility Conditions","Your stopping distance increases when stopping:","a: On wet or icy roads.,b: On paved highways.,c: At night.",a,"Wet or icy roads reduce traction, lengthening stopping distance."
2,"Traffic Signs, Signals, and Markings","Which of the following is used on some highways to direct drivers into the proper lanes for turning?","a: Flashing red lights,b: Flashing yellow lights,c: White lines on the side of the road,d: White arrows in the middle of the lanes",d,"White arrows in the middle of the lanes guide drivers to the correct lane for turning."
5,"Passing, Lane Changes, and Speed Management","In which of the following situations is passing always forbidden?","a: The vehicle ahead is making a left turn,b: You are on a one-way street which has two lanes,c: The vehicle ahead is stopped for a pedestrian in a crosswalk,d: The vehicle ahead is going to park parallel to the curb",c,"Passing is forbidden when a vehicle is stopped for a pedestrian in a crosswalk to ensure pedestrian safety."
8,"General Driving Techniques and Emergencies","You come to an intersection which is blocked by other traffic. You should:","a: Go slowly until the traffic ahead moves,b: Get as close as possible to the other car,c: Stay out of the intersection until you can pass through,d: Sound your horn to make the cars move up",c,"Staying out of a blocked intersection prevents gridlock and ensures you can pass through safely."
3,"Impaired Driving","Which of the following influence the effects of alcohol?","a: The amount of food in the stomach,b: The body weight of an individual,c: How much time passes between drinks,d: All three choices",d,"All three factors—food in the stomach, body weight, and time between drinks—affect how alcohol is absorbed and metabolized."
2,"Traffic Signs, Signals, and Markings","A diamond-shaped sign is a:","a: Road hazard sign,b: Interstate route sign,c: School crossing sign,d: Speed limit sign",a,"Diamond-shaped signs warn of road hazards, such as curves or intersections."
8,"General Driving Techniques and Emergencies","You must yield the right-of-way to an approaching vehicle when you are:","a: Already in a traffic circle,b: Already in an intersection,c: Going straight ahead,d: Turning left",d,"When turning left, you must yield to oncoming traffic to avoid collisions."
2,"Traffic Signs, Signals, and Markings","A traffic light which has a green arrow and a red light means that:","a: You may only drive straight ahead,b: You may drive only in the direction of the green arrow,c: You must wait for a green light,d: Vehicles moving in any direction must stop",b,"A green arrow with a red light allows movement only in the direction of the arrow."
3,"Impaired Driving","Which of the following does not happen after drinking?","a: Your reflexes and reaction time slow down,b: Your judgment of speed and distance is distorted,c: You are less alert,d: You calm down so you can concentrate",d,"Alcohol impairs concentration rather than calming you down to improve focus."
3,"Impaired Driving","Which of the following is true? People driving under the influence of alcohol are:","a: Not a problem in New York State,b: Every driver's problem whether they drink or not,c: A police enforcement problem only,d: Only a problem to those who drink",b,"Drunk driving affects all drivers, as it increases the risk of accidents for everyone on the road."
5,"Passing, Lane Changes, and Speed Management","You are getting on a highway which has a very short entrance lane. The safest way for you to enter the flow of traffic would be to:","a: Use as much ramp as possible to get up to cruising speed,b: Use the left lane of the highway to get up to cruising speed,c: Wait for a large gap in traffic then speed up quickly,d: Get up to cruising speed gradually so other cars will see you",c,"Waiting for a large gap and then speeding up quickly ensures safe merging in a short entrance lane."
6,"Parking and Stopping","A 'no standing' sign at a certain location means:","a: You may never stop your vehicle there,b: You may park there if the driver remains in the vehicle,c: You may stop temporarily to pick up or discharge passengers,d: You may stop to load or unload merchandise",c,"A 'no standing' sign allows temporary stops for picking up or dropping off passengers."
8,"General Driving Techniques and Emergencies","Aggressive driving can become road rage. What should you do when confronted by an aggressive driver?","a: Speed up to pass the driver as quickly as possible,b: Be prepared to yield the right of way,c: Drink alcohol to calm yourself down,d: Make eye contact with the driver",b,"Yielding the right of way to an aggressive driver helps de-escalate the situation and ensures safety."
6,"Parking and Stopping","A 'no parking' sign at a certain location means:","a: You may never stop your vehicle there,b: You may stop temporarily to load or unload passengers,c: You may park there if the driver remains in the vehicle,d: You may leave your vehicle unattended for less than 5 minutes",b,"A 'no parking' sign allows temporary stops for loading or unloading passengers."
8,"General Driving Techniques and Emergencies","Why is driving on an expressway different from driving on an ordinary street?","a: You must think faster and handle your vehicle more effectively,b: Trucks have to go slower on the expressways,c: There is more of a tendency to exceed the speed limit,d: There is more of a tendency to 'tailgate'",a,"Expressways require faster decision-making and more effective vehicle handling due to higher speeds and traffic flow."
2,"Traffic Signs, Signals, and Markings","You come to an intersection which has a flashing red light. You should:","a: Come to a full stop then go when safe to do so,b: Stop only if cars are approaching the intersection,c: Stop only if cars are already in the intersection,d: Slow down and be prepared to stop if necessary",a,"A flashing red light requires a full stop, followed by proceeding when it’s safe."
1,"Adverse Weather and Visibility Conditions","Night driving is dangerous because:","a: Some traffic signs are less visible at night,b: More vehicles are on the road at night,c: The distance we can see ahead is reduced,d: Street lights tend to blur our vision",c,"Reduced visibility distance at night makes it harder to react to hazards."
3,"Impaired Driving","Drinking coffee after drinking alcohol:","a: Decreases blood alcohol content,b: Cancels the effect of the alcohol,c: Has no effect on blood alcohol content,d: Increases blood alcohol content",c,"Coffee does not affect blood alcohol content; it may only make you feel more alert."
3,"Impaired Driving","Which of the following statements is true about BAC (blood alcohol content)?","a: The 'breathalyzer' is a test of a person's BAC,b: A chemical test for BAC is needed for an alcohol conviction,c: BAC levels are reduced by a person's physical fitness,d: After drinking coffee or a cold shower will lower your BAC",a,"A breathalyzer measures BAC, which is used to determine alcohol impairment."
2,"Traffic Signs, Signals, and Markings","You may cross a double solid yellow line:","a: To pass a slow moving truck,b: To turn into a driveway,c: To pass a car if traffic permits,d: Under no conditions",b,"Double solid yellow lines can be crossed only to turn into a driveway or private road."
2,"Traffic Signs, Signals, and Markings","You may not cross a single broken white (or yellow) line:","a: When to do so would interfere with traffic,b: When turning left into a driveway,c: When the car in front is disabled,d: When passing to the right on a one-way street",a,"Crossing a broken line is prohibited if it interferes with traffic to ensure safety."
1,"Adverse Weather and Visibility Conditions","Your car starts to skid on a slippery road. You should:","a: Brake quickly and keep the wheel straight,b: Lock your brakes until you have come to a complete stop,c: Steer in the direction you want the front wheels to go,d: Steer toward the side of the road to get off the wet pavement",c,"Steering in the direction you want to go helps regain control during a skid."
3,"Impaired Driving","Which of the following does alcohol affect?","a: Recovery from headlight glare,b: Reaction time,c: Judgment of distances,d: All of these choices",d,"Alcohol impairs recovery from glare, reaction time, and judgment of distances."
8,"General Driving Techniques and Emergencies","You have just left an expressway and are starting to drive on an ordinary highway. You should:","a: Check your tires for correct pressure,b: Check your speedometer to keep at the lower speed limit,c: Stay twice as far behind other cars,d: Change gradually to the lower speed limit",b,"Checking your speedometer ensures you adjust to the lower speed limit of an ordinary highway."
7,"Railroad Crossings","What is the appropriate action to take when approaching a railroad crossing that does not have signals (such as lights or crossing gates)?","a: Always bring the car to a complete stop,b: Slow down and be prepared to stop,c: Do nothing; all railroad crossings have signals,d: Increase speed to get across the tracks quickly",b,"Slowing down and preparing to stop allows you to check for trains at unsignaled crossings."
4,"Interacting with Pedestrians, Bicyclists, and Other Special Road Users","What does it mean when a school bus is stopped and its red lights are flashing?","a: You may pass if no children are on the road,b: You may not pass while the red lights are flashing,c: You may pass if you are facing the front of the bus,d: You may pass if it is on the other side of a divided highway",b,"You must stop when a school bus’s red lights are flashing to ensure child safety."
8,"General Driving Techniques and Emergencies","The law that requires every driver to exercise care to avoid colliding with an authorized emergency or hazard vehicle is called:","a: Brianna’s Law,b: The Green Light Law,c: Move Over Law,d: Right of Way",c,"The Move Over Law requires drivers to slow down or move over for emergency vehicles."
2,"Traffic Signs, Signals, and Markings","A solid white line on the right edge of the highway slants in toward your left. This shows that:","a: There is an intersection just ahead,b: You are approaching a construction area,c: You will be required to turn left just ahead,d: The road will get narrower",d,"A slanting solid white line indicates the road is narrowing."
3,"Impaired Driving","What are the consequences that can result from driving under the influence of alcohol or other drugs?","a: Possible imprisonment,b: A mandatory fine,c: Driver license revocation,d: All of these choices",d,"DUI can lead to imprisonment, fines, and license revocation."
2,"Traffic Signs, Signals, and Markings","What does a flashing yellow light mean?","a: Merging traffic,b: Proceed with caution,c: Pedestrian crossing,d: Come to a full stop",b,"A flashing yellow light means proceed with caution, staying alert for potential hazards."
2,"Traffic Signs, Signals, and Markings","You may cross a single solid white line in the highway:","a: Whenever you want to,b: If traffic conditions require,c: Only to turn into a driveway,d: Only to make a u-turn",c,"A single solid white line can be crossed only to turn into a driveway or private road."
2,"Traffic Signs, Signals, and Markings","What are the colors of a sign which tells you the distance to the next exit of a highway?","a: Yellow with black letters,b: Black with white letters,c: Red with white letters,d: Green with white letters",d,"Exit signs on highways are green with white letters for clear visibility."
2,"Traffic Signs, Signals, and Markings","Signs that warn 'lane closed ahead' may indicate a work zone ahead. You should:","a: Merge your vehicle into the correct lane when it is safe,b: Drive to the end of the closed lane before attempting to merge,c: Understand that this sign is merely a suggestion and continue in the lane,d: Speed up to merge as quickly as possible",a,"Merging safely into the correct lane avoids disruptions in a work zone."
4,"Interacting with Pedestrians, Bicyclists, and Other Special Road Users","A bicyclist differs from a motorist in that a bicyclist isn't required to:","a: Obey the same traffic laws,b: Signal all turns,c: Report accidents resulting in serious injury,d: Insure the bicycle",d,"Bicyclists are not required to insure their bicycles, unlike motorists."
8,"General Driving Techniques and Emergencies","'No zones' are areas around trucks where cars:","a: Disappear into blind spots.,b: Have sufficient space to travel behind the truck.,c: Have several car space between their vehicle and the truck.",a,"No zones refer to the blind spots around large vehicles like trucks where smaller vehicles may not be visible to the truck driver."
6,"Parking and Stopping","What does a 'No parking' sign at a certain location mean?","a: You may park there if the driver remains in the vehicle.,b: You may stop temporarily only to pick and drop off passengers.,c: You may never stop your vehicle there.",b,"A 'No Parking' sign allows temporary stopping for picking up or dropping off passengers, but parking (leaving the vehicle) is prohibited."
6,"Parking and Stopping","What does a No standing sign at a certain location mean?","a: You may never stop your vehicle there.,b: You may park there if the driver remains in the vehicle.,c: You may stop temporarily only to pickup or drop off passengers.",c,"A 'No Standing' sign permits brief stops for passenger pickup or drop-off, but no parking or prolonged stopping."
2,"Traffic Signs, Signals, and Markings","What does a broken yellow centerline mean?","a: Passing is not permitted.,b: Passing on the left is permitted when the way ahead is clear.,c: Passing on the right is permitted when the way ahead is clear.",b,"A broken yellow centerline indicates that passing on the left is allowed for vehicles when the road ahead is clear and safe."
2,"Traffic Signs, Signals, and Markings","What does a broken yellow line beside a solid yellow line indicate?","a: Passing is permitted from the lane next to the solid yellow line.,b: Passing is not permitted from either direction.,c: Passing is permitted from the lane next to the broken yellow line.",c,"A broken yellow line next to a solid yellow line allows passing from the side with the broken line, provided it is safe."
3,"Impaired Driving","What does a chemical test measure?","a: Reaction time.,b: Blood alcohol content.,c: Vision.",b,"A chemical test measures blood alcohol content (BAC) to determine the level of alcohol in a driver's system."
8,"General Driving Techniques and Emergencies","A child passenger under 8 and shorter than ___ in height is required to be seated in an approved child safety seat while in a moving vehicle.","a: 4 feet 11 inches,b: 5 feet,c: 5 feet 5 inches",a,"New York law requires children under 8 and shorter than 4 feet 9 inches to use an approved child safety seat."
6,"Parking and Stopping","What does a red painted curb mean?","a: No parking standing or stopping.,b: The area is reserved for picking up or dropping off passengers.,c: Loading zone.",a,"A red painted curb indicates no parking, standing, or stopping is allowed, typically for safety or emergency access."
2,"Traffic Signs, Signals, and Markings","What does a diamond-shaped sign mean?","a: A road hazard sign.,b: Interstate route sign.,c: School crossing sign.",a,"Diamond-shaped signs are used to warn drivers of road hazards, such as curves, intersections, or other potential dangers."
2,"Traffic Signs, Signals, and Markings","What does a double solid yellow line down the center of a two-lane road indicates?","a: Lanes are moving in the same direction and drivers are not permitted to pass.,b: Lanes are moving in opposite directions and drivers are permitted to pass when it is safe.,c: Lanes are moving in opposite directions and drivers are not permitted to pass.",c,"Double solid yellow lines indicate that lanes move in opposite directions and passing is not permitted for either direction."
2,"Traffic Signs, Signals, and Markings","If a driver is approaching a flashing red traffic signal they must:","a: Slow down.,b: Drive carefully without stopping.,c: Merge to the right.",a,"A flashing red traffic signal requires drivers to come to a complete stop, treating it like a stop sign."
5,"Passing, Lane Changes, and Speed Management","When can a driver legally pass on the right side of another vehicle?","a: On a narrow bridge.,b: If it means driving off the pavement.,c: Even if the vehicle is waiting to turn left and there is an available passing lane.",c,"Passing on the right is allowed when the vehicle ahead is making a left turn and there is an available passing lane, provided it is safe."
6,"Parking and Stopping","A driver may park in a space reserved for people with disabilities:","a: Only if the driver is disabled.,b: Regardless of who is in the vehicle.,c: Is carrying the disabled person named on the registration.",c,"Parking in a disabled space is allowed only when transporting the disabled person named on the registration or permit."
3,"Impaired Driving","What should a driver do if they are taking a non-prescription drug?","a: Should read the labels on the drug before driving.,b: Drink alcohol instead.,c: Continue driving regardless of any warning labels.",a,"Drivers should read labels on non-prescription drugs to check for warnings about driving impairment."
3,"Impaired Driving","What contains the same amount of alcohol as a five-ounce glass of wine?","a: A gallon of wine.,b: One 12-ounce can of beer.,c: One pint of whiskey.",b,"A 12-ounce can of beer (5% alcohol) contains roughly the same amount of alcohol as a 5-ounce glass of wine (12% alcohol)."
2,"Traffic Signs, Signals, and Markings","What does a flashing red traffic signal at an intersection mean?","a: A stop sign.,b: A yield sign.,c: A slow sign.",a,"A flashing red traffic signal functions as a stop sign, requiring a complete stop before proceeding."
2,"Traffic Signs, Signals, and Markings","What does a flashing yellow light at an intersection mean?","a: Come to a complete stop as quickly as possible.,b: Slow down and proceed with caution.,c: Stop and proceed only when the intersection is clear.",b,"A flashing yellow light warns drivers to slow down and proceed with caution, yielding to other traffic."
8,"General Driving Techniques and Emergencies","What can a fully loaded tractor-trailer traveling at 55 mph could take _______ to come to a complete stop?","a: 400 feet,b: 125 feet,c: 50 feet",a,"A fully loaded tractor-trailer at 55 mph can require up to 400 feet to stop due to its weight and momentum."
8,"General Driving Techniques and Emergencies","A large truck is in front of you and is making right onto a street with two lanes in each direction. The truck:","a: Must stay in the right lane at all times while turning.,b: May have to swing wide to complete the right turn.,c: May complete its turn in either of the two lanes.",b,"Large trucks often need to swing wide to complete turns, especially right turns, due to their size and turning radius."
4,"Interacting with Pedestrians, Bicyclists, and Other Special Road Users","What should a motorist do when approaching a bicyclist?","a: Speed up to pass them.,b: Proceed.,c: Turn into the opposite lane.",b,"Motorists should proceed cautiously when approaching a bicyclist, maintaining a safe distance and passing only when safe."
4,"Interacting with Pedestrians, Bicyclists, and Other Special Road Users","A motorist should be aware that a bicyclist riding on the roadway must:","a: Ride on the right side of the road.,b: Ride on either side of the road.,c: Ride on the side of the road facing traffic.",a,"Bicyclists must ride on the right side of the road, in the same direction as traffic, per traffic laws."
4,"Interacting with Pedestrians, Bicyclists, and Other Special Road Users","What should you do when a pedestrian starts to cross in front of your vehicle?","a: Flash your lights.,b: Slow down.,c: Speed up and pass the pedestrian.",b,"Drivers must slow down and yield to pedestrians crossing in front of their vehicle for safety."
5,"Passing, Lane Changes, and Speed Management","A person who drives much slower than the posted speed limit: That person:","a: Always has the right-of-way.,b: Is a very safe driver.,c: Should not allow following cars to pass.",c,"Driving significantly slower than the speed limit can impede traffic, and such drivers should allow others to pass when safe."
2,"Traffic Signs, Signals, and Markings","What does a red and white triangular sign at an intersection mean?","a: Always come to a full stop at the intersection.,b: Look both ways as you cross the intersection.,c: Slow down if an emergency vehicle is approaching.",b,"A red and white triangular sign is a yield sign, requiring drivers to look both ways and yield to other traffic or pedestrians."
2,"Traffic Signs, Signals, and Markings","What has a same meaning as a red flashing traffic light?","a: Solid red light.,b: Yield sign.,c: Stop sign.",c,"A red flashing traffic light has the same meaning as a stop sign, requiring a complete stop."
2,"Traffic Signs, Signals, and Markings","What does a regulatory sign containing a red circle with a slash through the middle indicates?","a: Drivers should come to a complete stop.,b: An action is forbidden.,c: Some drivers should yield to other drivers.",b,"A red circle with a slash indicates a prohibited action, such as 'No Left Turn' or 'No U-Turn.'"
8,"General Driving Techniques and Emergencies","What is the symbol of a slow-moving vehicle?","a: A diamond-shaped yellow sign.,b: A circular green sign.,c: A rectangular red sign.",c,"A slow-moving vehicle is marked by a rectangular red or orange sign with a reflective border, typically on vehicles like farm equipment."
2,"Traffic Signs, Signals, and Markings","What does a solid white line on the right edge of the highway slants in to the left shows?","a: You are approaching a construction area.,b: There is an intersection just ahead.,c: You will be required to turn left just ahead.",b,"A solid white line slanting left on the right edge of the highway indicates an upcoming intersection."
2,"Traffic Signs, Signals, and Markings","What does a solid yellow line on your side of the centerline mean?","a: Do not pass.,b: Traffic light ahead.,c: Reduce your speed.",a,"A solid yellow line on your side of the centerline prohibits passing from your direction."
5,"Passing, Lane Changes, and Speed Management","What is a speed limit?","a: The maximum or minimum legal speed you can travel on a road under ideal conditions.,b: The maximum or minimum legal speed you can travel on a road under dangerous conditions.,c: The suggested speed to travel on a road under ideal conditions.",a,"A speed limit is the maximum legal speed allowed on a road under ideal conditions, though drivers must adjust for safety."
2,"Traffic Signs, Signals, and Markings","A steady green traffic light at an intersection mean?","a: Adjust your mirrors.,b: Increase your speed.,c: You may continue through the intersection at a safe and reasonable speed only if is safe.",c,"A steady green light allows drivers to proceed through the intersection at a safe speed, provided it is clear."
2,"Traffic Signs, Signals, and Markings","A steady yellow traffic signal light is a warning that the light is about to change to red. What should you do if you are already within the intersection when a green light changes to yellow?","a: Stop.,b: Increase your speed.,c: Continue moving and clear the intersection safely.",c,"If already in the intersection when the light turns yellow, drivers should continue moving to clear it safely."
2,"Traffic Signs, Signals, and Markings","A steady yellow traffic signal means that a ______ light will soon appear.","a: Steady red.,b: Steady green.,c: Flashing yellow.",a,"A steady yellow light warns that a steady red light, requiring a stop, will soon appear."
2,"Traffic Signs, Signals, and Markings","What is the symbol of a stop sign?","a: Rectangle.,b: Square.,c: Circle.",b,"A stop sign is an octagon, often referred to as a square with cut corners, for easy recognition."
2,"Traffic Signs, Signals, and Markings","What does a traffic light mean when displaying a green arrow and a red light?","a: You must wait for a solid green light to proceed in any direction.,b: You may drive only in the direction of the green arrow.,c: You may only drive straight ahead.",b,"A green arrow with a red light allows driving only in the direction of the arrow, such as a left or right turn."
4,"Interacting with Pedestrians, Bicyclists, and Other Special Road Users","When can you proceed after stopping for a school bus that is unloading children?","a: Do not proceed until the children wave to you.,b: Watch for children walking along the side of the road.,c: Accelerate quickly.",b,"After stopping for a school bus, drivers must watch for children and proceed only when it is safe."
3,"Impaired Driving","Alcohol is:","a: A stimulant.,b: An antihistamine.,c: A depressant.",c,"Alcohol is a depressant, slowing down the central nervous system and impairing driving ability."
8,"General Driving Techniques and Emergencies","Always allow extra space in front of your vehicle when following a:","a: Passenger vehicle.,b: Station wagon.,c: Motorcycle.",c,"Motorcycles require extra following distance due to their ability to stop quickly and their vulnerability."
1,"Adverse Weather and Visibility Conditions","When an approaching driver fails to dim their high beam headlights. Where should you look?","a: Toward the left side of the road.,b: Toward the right side of the road.,c: At the wheels of the approaching vehicle.",b,"To avoid glare from high beams, look toward the right side of the road to stay oriented."
8,"General Driving Techniques and Emergencies","Who is an inattentive driver?","a: Only watches the vehicle ahead of their vehicle.,b: Maintains eye contact during a conversation with a passenger while driving.,c: Stares at objects off the roadway or daydreams while driving.",c,"An inattentive driver is distracted by staring off the roadway or daydreaming, reducing awareness of traffic."
2,"Traffic Signs, Signals, and Markings","What should you do when you approach an intersection with a flashing yellow light?","a: Slow down and proceed with caution.,b: Stop before crossing the intersection.,c: Wait for a green light before proceeding.",a,"A flashing yellow light requires slowing down and proceeding cautiously, yielding to other traffic."
8,"General Driving Techniques and Emergencies","As you are close to an intersection the traffic light changes from green to yellow. Your best action is to:","a: Speed up to beat the red light.,b: Be prepared to stop in the center of the intersection.,c: Apply the brakes sharply to stop.",c,"When a light turns yellow near an intersection, apply the brakes to stop safely, avoiding entering the intersection."
6,"Parking and Stopping","What should you do after you have finished parallel parking in a space between two other cars and assuming the street is level?","a: Move as far forward in the space as possible.,b: Make sure your car almost touches the car behind you.,c: Leave your front wheels turned toward the curb.",c,"After parallel parking on a level street, leave front wheels turned toward the curb to prevent rolling."
4,"Interacting with Pedestrians, Bicyclists, and Other Special Road Users","At a crosswalk:","a: Yield to pedestrians.,b: Pedestrians must yield to you.,c: Construction workers must yield to you.",a,"Drivers must yield to pedestrians at crosswalks to ensure their safety."
2,"Traffic Signs, Signals, and Markings","You may proceed in the direction of the arrow at a red traffic light with a green arrow if:","a: Come to a complete stop.,b: Wait until the light changes.,c: You are in the proper lane and the roadway is clear.",c,"A green arrow with a red light allows proceeding in the arrow’s direction if in the correct lane and the road is clear."
4,"Interacting with Pedestrians, Bicyclists, and Other Special Road Users","What should you do at a school crossing sign?","a: Watch for children and be ready to stop.,b: Always stop whether there is a stop sign or not.,c: Always honk your horn when you see children.",a,"At a school crossing sign, watch for children and be prepared to stop to ensure their safety."
1,"Adverse Weather and Visibility Conditions","What should you do at dusk or on overcast day?","a: Not turn on any vehicle lights.,b: Drive using your parking lights.,c: Drive using your four-way flashers.",b,"At dusk or on overcast days, use low-beam headlights (not parking lights or flashers) for visibility."
1,"Adverse Weather and Visibility Conditions","What is hard to see at night?","a: Pedestrians.,b: Road signs.,c: Other motorists.",a,"Pedestrians are hard to see at night due to low visibility, requiring extra caution."
5,"Passing, Lane Changes, and Speed Management","What should you do before changing lanes or attempting to pass another vehicle?","a: Check your blind spots and mirrors.,b: Signal your intention before changing lanes.,c: All of the above.",c,"Before changing lanes or passing, check blind spots, mirrors, and signal your intention."
8,"General Driving Techniques and Emergencies","What should you do before switching on the ignition?","a: Be sure all passengers have buckled their safety belts.,b: Buckle your safety belt.,c: Both of the above.",c,"Before starting the vehicle, ensure both you and your passengers are buckled up."
8,"General Driving Techniques and Emergencies","What should you do before turning?","a: Increase your speed.,b: Turn the wheel.,c: Use your signal.",c,"Signal your intention to turn well in advance to alert other drivers."
6,"Parking and Stopping","What should you do before leaving a parking space that is parallel to the curb?","a: Use your horn.,b: Turn on your four-way flashers.,c: Look for traffic by turning your head.",c,"Before leaving a parallel parking space, check for traffic by turning your head to ensure it’s safe."
4,"Interacting with Pedestrians, Bicyclists, and Other Special Road Users","What does bicyclists aren’t required to if they differ from motorists?","a: Report accidents resulting in serious injury.,b: Signal all turns.,c: Obey the same traffic laws.",b,"Bicyclists are not required to signal all turns, unlike motorists, but must still follow most traffic laws."
4,"Interacting with Pedestrians, Bicyclists, and Other Special Road Users","Blind persons legally have the right-of-way when crossing the street when they are:","a: Helped by another person.,b: Led by a guide dog or using a white or metallic cane.,c: Wearing light-colored clothing.",b,"Blind persons have the right-of-way when using a guide dog or white/metallic cane, indicating their need for priority."
8,"General Driving Techniques and Emergencies","What are blind spots?","a: Areas of the road that cannot be seen in a vehicle's mirrors.,b: Spots in your vision when you become fatigued.,c: Traffic control devices.",a,"Blind spots are areas around a vehicle not visible in mirrors, requiring drivers to check physically."
2,"Traffic Signs, Signals, and Markings","What does a construction zone sign look like?","a: Diamond-shaped or rectangular with orange and black coloring.,b: Round or octagonal with black and yellow coloring.,c: Square or rectangular with white and red coloring.",a,"Construction zone signs are typically diamond-shaped or rectangular with orange and black colors for high visibility."
1,"Adverse Weather and Visibility Conditions","What happens when you continuously hard brake on ice and snow?","a: Helps you stop faster.,b: Keeps the brakes from freezing.,c: Locks the front wheels of a vehicle causing a loss of steering.",c,"Hard braking on ice or snow can lock the wheels, causing a loss of steering control."
7,"Railroad Crossings","What does a crossbuck sign indicate?","a: Railroad crossings.,b: School zones.,c: No passing zones.",a,"A crossbuck sign indicates a railroad crossing, warning drivers to be cautious."
8,"General Driving Techniques and Emergencies","What is defensive driving?","a: Defending yourself against drivers by getting ahead of them in traffic.,b: Identifying dangerous driving situations and taking action to avoid accidents.,c: Following the vehicle ahead of you at a close distance.",b,"Defensive driving involves anticipating hazards and taking actions to avoid accidents."
8,"General Driving Techniques and Emergencies","What can cause distracted driving?","a: Changing a CD.,b: Talking or texting on a cellular phone.,c: Eating drinking or smoking.",b,"Talking or texting on a phone is a significant cause of distracted driving, reducing focus on the road."
8,"General Driving Techniques and Emergencies","You should not follow other cars too closely because:","a: You may not see the vehicle's turn signals.,b: You may not have time to stop if the vehicle in front of you slows or stops suddenly.,c: You may not see the road between the cars.",b,"Following too closely reduces reaction time, increasing the risk of a collision if the vehicle ahead stops suddenly."
2,"Traffic Signs, Signals, and Markings","What does double solid yellow lines painted down the middle of the road mean?","a: Pedestrian crossing ahead.,b: Railroad crossing ahead.,c: Passing is not permitted from either direction.",c,"Double solid yellow lines prohibit passing from either direction for safety."
3,"Impaired Driving","Drinking alcohol and driving is:","a: Safe if you have only had a few drinks.,b: A serious traffic safety problem.,c: A minor traffic safety problem.",b,"Drinking and driving is a serious safety issue, as even small amounts of alcohol impair driving ability."
3,"Impaired Driving","What happens when you drink coffee after drinking alcohol?","a: Decreases blood alcohol concentration BAC.,b: Cancels the effect of the alcohol.,c: Has no effect on blood alcohol concentration BAC.",c,"Coffee does not reduce BAC or counteract alcohol’s impairing effects."
3,"Impaired Driving","Driving under the influence of any medication which impairs your driving is permitted:","a: Under no circumstances.,b: If it is prescribed by a doctor.,c: If you don't feel drowsy.",a,"Driving under the influence of impairing medication, whether prescription or not, is not permitted."
2,"Traffic Signs, Signals, and Markings","Fines in a construction zone are:","a: Cut in half.,b: Tripled.,c: Doubled.",c,"Fines in construction zones are typically doubled to deter unsafe driving near workers."
4,"Interacting with Pedestrians, Bicyclists, and Other Special Road Users","You should give the right-of-way to any pedestrian who is:","a: In any crosswalk or intersection.,b: In a marked crosswalk.,c: Crossing any street.",a,"Pedestrians in any crosswalk or intersection have the right-of-way, requiring drivers to yield."
8,"General Driving Techniques and Emergencies","Having a driver license is a:","a: Right.,b: Privilege.,c: Requirement.",b,"A driver’s license is a privilege, not a right, and can be revoked for unsafe behavior."
1,"Adverse Weather and Visibility Conditions","Highway pavement will be particularly dangerous and most slippery when:","a: If it has just begun to rain.,b: If it has been raining for several hours.,c: If it has been raining for one to two hours.",a,"Pavement is most slippery when it has just begun to rain, as oil and water create a slick surface."
1,"Adverse Weather and Visibility Conditions","How can you reduce the risk of hydroplaning?","a: Replace tires with bad tread.,b: Use tires with proper air pressure.,c: Do not speed when the roads are wet.",c,"Avoiding speeding on wet roads reduces the risk of hydroplaning, as does maintaining proper tire tread and pressure."
3,"Impaired Driving","How many alcoholic drinks does it take to affect your driving ability?","a: Three,b: Two,c: One",c,"Even one alcoholic drink can impair driving ability, affecting reaction time and judgment."
4,"Interacting with Pedestrians, Bicyclists, and Other Special Road Users","What should you do if you see a child who is about to run into the street?","a: Prepare to slow down.,b: Flash your headlights.,c: Sound a sharp blast of your horn.",a,"Prepare to slow down to avoid a collision if a child is about to run into the street."
4,"Interacting with Pedestrians, Bicyclists, and Other Special Road Users","What should the motorist do if they see pedestrians in an upcoming crosswalk?","a: Continue ahead as the motorist has the right-of-way.,b: Wait for the pedestrians to cross the street.,c: Pull to the right and go around the pedestrians.",b,"Wait for pedestrians to cross the street, as they have the right-of-way in a crosswalk."
8,"General Driving Techniques and Emergencies","What should you do if a tire suddenly blows out while you are driving?","a: Brake hard and steer toward the right edge of the roadway.,b: Pump the brakes rapidly.,c: Grip the steering wheel firmly slow down and exit the traffic lane.",c,"Grip the wheel firmly, ease off the gas, and safely exit the traffic lane to handle a tire blowout."
7,"Railroad Crossings","What should you do if an approaching train is near enough or going fast enough to be a danger?","a: Cross the tracks at your own risk.,b: Not cross the tracks until the train has completely passed.,c: Slow down and proceed with caution.",b,"Do not cross the tracks until the train has completely passed to avoid a collision."
8,"General Driving Techniques and Emergencies","What should you do if an oncoming driver is heading toward you in your lane?","a: Use your horn steer right and accelerate.,b: Use your horn steer left and brake.,c: Use your horn steer right and brake.",c,"Use your horn to alert the driver, steer right to avoid a collision, and brake to slow down."
1,"Adverse Weather and Visibility Conditions","What should you do if an oncoming headlights are blinding you while you are driving at night?","a: Turn your lights on and off.,b: Switch your lights to high beams.,c: Look toward the right edge of the road.",c,"Look toward the right edge of the road to avoid glare from oncoming headlights."
3,"Impaired Driving","If someone has consumed alcoholic drinks what will help the person overcome the influence of those drinks?","a: Tomato juice and lime,b: Hot coffee,c: Fresh air",c,"Fresh air and time are the only ways to reduce alcohol’s effects; other substances do not counteract BAC."