Topic,Subtopic,Type,Question,Option A,Option B,Option C,Option D,Correct Answer,Explanation
"Commission Duties and Powers","State Rules","State","Latin for 'according to value,' used to describe property tax assessments based on the assessed valuation of the property. matches which of the following terms?","Asbestos","Agency","Ad Valorem","Assessed Value","C","Ad Valorem is defined as: Latin for 'according to value,' used to describe property tax assessments based on the assessed valuation of the property. Example: A property has a market value of $300,000, but the local county assesses property taxes at 60% of market value, resulting in an assessed value of $180,000. If the tax rate is 20 mills ($0.020 per dollar), the annual ad valorem property tax is $3,600."
"Commission Duties and Powers","Agency & Ethics","State","Select the correct term for this definition: A legal relationship where one party (the agent) acts on behalf of and under the control of another party (the principal) in dealings with third parties.","Blockbusting","Asbestos","Agency","Assessed Value","C","Agency is defined as: A legal relationship where one party (the agent) acts on behalf of and under the control of another party (the principal) in dealings with third parties. Example: A home seller hires a real estate broker to market their home. The seller signs a listing agreement, creating an agency relationship. The broker now has the legal authority and duty to represent the seller's interests in negotiations with prospective buyers."
"Commission Duties and Powers","State Rules","State","A naturally occurring fibrous mineral formerly used in insulation and fireproofing that can crumble (friable) and cause severe respiratory illness if inhaled. is the legal definition of:","Caveat Emptor","Blockbusting","Assessed Value","Asbestos","D","Asbestos is defined as: A naturally occurring fibrous mineral formerly used in insulation and fireproofing that can crumble (friable) and cause severe respiratory illness if inhaled. Example: During an inspection of a home built in 1965, the inspector notes damaged pipe insulation that contains asbestos. The buyer requests that the seller hire an abatement team to safely encapsulate the asbestos fibers before closing the transaction."
"Commission Duties and Powers","State Rules","State","What real estate term matches the following description: The valuation placed on a property by a public tax assessor for the purpose of calculating local annual property taxes.","Blockbusting","Assessed Value","Commingling","Caveat Emptor","B","Assessed Value is defined as: The valuation placed on a property by a public tax assessor for the purpose of calculating local annual property taxes. Example: A county has an assessment ratio of 80%. A home with a fair market value of $250,000 has an assessed value of $200,000. The millage rate of 30 mills is then applied to the $200,000 assessed value, resulting in an annual property tax bill of $6,000."
"Commission Duties and Powers","Agency & Ethics","State","Define: An illegal practice where real estate agents induce property owners to sell at low prices by claiming that minority groups are moving into the neighborhood.","Blockbusting","Dual Agency","Caveat Emptor","Commingling","A","Blockbusting is defined as: An illegal practice where real estate agents induce property owners to sell at low prices by claiming that minority groups are moving into the neighborhood. Example: An agent contacts homeowners in a subdivision and warns them that a minority family has purchased a nearby home, advising them to sell their properties before home values drop. This is blockbusting, and it violates federal fair housing laws."
"Commission Duties and Powers","Agency & Ethics","State","Latin for 'let the buyer beware,' a legal principle holding the buyer responsible for assessing property quality and defects before purchasing. matches which of the following terms?","Caveat Emptor","Fair Housing Act","Dual Agency","Commingling","A","Caveat Emptor is defined as: Latin for 'let the buyer beware,' a legal principle holding the buyer responsible for assessing property quality and defects before purchasing. Example: A buyer purchases a home in a state with strict caveat emptor laws. During inspections, they fail to check the crawlspace. After closing, they discover termite damage. Under caveat emptor, the buyer is responsible for the repairs unless they can prove the seller intentionally concealed the damage."
"Commission Duties and Powers","Agency & Ethics","State","Select the correct term for this definition: An illegal practice where a licensed broker mixes client funds (such as earnest money escrows) with their personal or business operating funds.","Fiduciary Duties","Fair Housing Act","Commingling","Dual Agency","C","Commingling is defined as: An illegal practice where a licensed broker mixes client funds (such as earnest money escrows) with their personal or business operating funds. Example: A broker receives a $5,000 earnest money check from a buyer. Instead of depositing it into the brokerage's trust account, they deposit it into their business operating account to pay office utilities, intending to transfer it back later. This is commingling, and it can result in the revocation of their real estate license."
"Commission Duties and Powers","Agency & Ethics","State","A relationship where a single broker represents both the buyer and the seller in the same transaction. Requires written disclosure and consent from both parties. is the legal definition of:","Fraud","Fiduciary Duties","Dual Agency","Fair Housing Act","C","Dual Agency is defined as: A relationship where a single broker represents both the buyer and the seller in the same transaction. Requires written disclosure and consent from both parties. Example: An agent lists a house for sale. A buyer who does not have an agent contacts them directly to purchase the home. The agent represents both the buyer and the seller in the transaction, creating a dual agency relationship that requires signed disclosures from both parties."
"Commission Duties and Powers","Agency & Ethics","State","What real estate term matches the following description: A federal law prohibiting discrimination in housing based on race, color, national origin, religion, sex, familial status, or disability.","Fair Housing Act","Fiduciary Duties","Fraud","Lis Pendens","A","Fair Housing Act is defined as: A federal law prohibiting discrimination in housing based on race, color, national origin, religion, sex, familial status, or disability. Example: A landlord refuses to rent an apartment to a qualified family because they have children. This is a violation of the Fair Housing Act, which protects familial status."
"Commission Duties and Powers","Agency & Ethics","State","Define: The legal duties of loyalty, obedience, disclosure, confidentiality, accountability, and reasonable care (OLD CAR) owed by an agent to their client.","Lis Pendens","Fraud","Steering","Fiduciary Duties","D","Fiduciary Duties is defined as: The legal duties of loyalty, obedience, disclosure, confidentiality, accountability, and reasonable care (OLD CAR) owed by an agent to their client. Example: An agent learns that a prospective buyer is willing to pay $10,000 more than their written offer. Under the duty of loyalty and disclosure, the agent must inform the seller of this fact immediately."
"Commission Duties and Powers","Agency & Ethics","State","Intentional misrepresentation or concealment of material facts designed to deceive another party into acting to their financial detriment. matches which of the following terms?","A.I.R. (american Industrial Real Estate Association)","Lis Pendens","Fraud","Steering","C","Fraud is defined as: Intentional misrepresentation or concealment of material facts designed to deceive another party into acting to their financial detriment. Example: A seller covers up structural cracks in the foundation with paneling to hide them from buyers. This intentional concealment of a material defect constitutes fraud."
"Commission Duties and Powers","State Rules","State","Select the correct term for this definition: Latin for 'suit pending,' a recorded legal notice warning the public that a property is the subject of an active lawsuit.","A.I.R. (american Industrial Real Estate Association)","Abandonment Of Homestead","Lis Pendens","Steering","C","Lis Pendens is defined as: Latin for 'suit pending,' a recorded legal notice warning the public that a property is the subject of an active lawsuit. Example: A buyer sues a seller for specific performance to force the sale of a home. The buyer's attorney records a lis pendens on the property to prevent the seller from selling it to someone else during the lawsuit."
"Commission Duties and Powers","Agency & Ethics","State","The illegal practice of channeling home seekers toward or away from specific neighborhoods to preserve or alter demographics. is the legal definition of:","A.I.R. (american Industrial Real Estate Association)","Accommodator","Steering","Abandonment Of Homestead","C","Steering is defined as: The illegal practice of channeling home seekers toward or away from specific neighborhoods to preserve or alter demographics. Example: An agent assumes a minority buyer would only want to live in a neighborhood with a high minority population and only shows them homes in that area. This is illegal steering."
"Commission Duties and Powers","State Rules","State","What real estate term matches the following description: A specialized association of real estate brokers and salespeople who deal primarily in industrial properties. The goal of the association is to further the knowledge and effectiveness of its members.","Abandonment Of Homestead","Administrator","A.I.R. (american Industrial Real Estate Association)","Accommodator","C","A.I.R. (american Industrial Real Estate Association) is defined as: A specialized association of real estate brokers and salespeople who deal primarily in industrial properties. The goal of the association is to further the knowledge and effectiveness of its members. Example: An example applying the concept of A.I.R. (american Industrial Real Estate Association) in U.S. real estate transactions."
"Commission Duties and Powers","State Rules","State","Define: A recorded document, executed by those claiming a homestead exemption, giving up said homestead. Not applicable to all states and procedure must be according to local statutes.","Administrator","Accommodator","Affidavit","Abandonment Of Homestead","D","Abandonment Of Homestead is defined as: A recorded document, executed by those claiming a homestead exemption, giving up said homestead. Not applicable to all states and procedure must be according to local statutes. Example: An example applying the concept of Abandonment Of Homestead in U.S. real estate transactions."
"Commission Duties and Powers","State Rules","State","One who acts to facilitate an exchange under the rules of Section 1031 of the Internal Revenue Service Code. The proper terminology is a Qualified Intermediary, but accommodator, facilitator or intermediary are the common terms used. matches which of the following terms?","Administrator","Accommodator","Affidavit","Affidavit Of Alimony And Child Support","B","Accommodator is defined as: One who acts to facilitate an exchange under the rules of Section 1031 of the Internal Revenue Service Code. The proper terminology is a Qualified Intermediary, but accommodator, facilitator or intermediary are the common terms used. Example: An example applying the concept of Accommodator in U.S. real estate transactions."
"Commission Duties and Powers","State Rules","State","Select the correct term for this definition: A person given authority by a proper court to manage and distribute the estate of a deceased person when there is no will. See also: Administrator C.T.A..","Affidavit","Administrator","Affirmative Easement","Affidavit Of Alimony And Child Support","B","Administrator is defined as: A person given authority by a proper court to manage and distribute the estate of a deceased person when there is no will. See also: Administrator C.T.A.. Example: An example applying the concept of Administrator in U.S. real estate transactions."
"Commission Duties and Powers","State Rules","State","A written statement or declaration, sworn to before an officer who has authority to administer an oath. is the legal definition of:","Affidavit","Affirmative Easement","Affidavit Of Alimony And Child Support","Agency Agreement (agency Listing)","A","Affidavit is defined as: A written statement or declaration, sworn to before an officer who has authority to administer an oath. Example: An example applying the concept of Affidavit in U.S. real estate transactions."
"Commission Duties and Powers","State Rules","State","What real estate term matches the following description: A sworn statement of a separated or divorced person showing the amount (if any) of alimony or child support.","Affidavit Of Alimony And Child Support","Agency By Estoppel","Agency Agreement (agency Listing)","Affirmative Easement","A","Affidavit Of Alimony And Child Support is defined as: A sworn statement of a separated or divorced person showing the amount (if any) of alimony or child support. Example: An example applying the concept of Affidavit Of Alimony And Child Support in U.S. real estate transactions."
"Commission Duties and Powers","State Rules","State","Define: An easement described from the benefited estate (dominant tenement). Also called a parcel 2 easement. The same easement described from the burdened estate (servient tenement) would be a negative easement.","Agency Coupled With Interest","Agency Agreement (agency Listing)","Affirmative Easement","Agency By Estoppel","C","Affirmative Easement is defined as: An easement described from the benefited estate (dominant tenement). Also called a parcel 2 easement. The same easement described from the burdened estate (servient tenement) would be a negative easement. Example: An example applying the concept of Affirmative Easement in U.S. real estate transactions."
"Commission Duties and Powers","Agency & Ethics","State","In some states, the term describing a listing under which the broker's commission is protected against a sale by other agents but not by a sale by the principal. Called a \""non-exclusive\"" listing in some states. matches which of the following terms?","Agency By Estoppel","Agency Agreement (agency Listing)","Agency Coupled With Interest","Agent","B","Agency Agreement (agency Listing) is defined as: In some states, the term describing a listing under which the broker's commission is protected against a sale by other agents but not by a sale by the principal. Called a \""non-exclusive\"" listing in some states. Example: An example applying the concept of Agency Agreement (agency Listing) in U.S. real estate transactions."
"Commission Duties and Powers","Agency & Ethics","State","Select the correct term for this definition: An agency created by operation of law when one who is not an agent acts as an agent or an agent oversteps his/her authority, but action (or failure to act) by the principal leads one to believe that the authority exists. See also: Apparent Authority; Ostensible Agency.","Agency Coupled With Interest","Agency By Estoppel","Alias","Agent","B","Agency By Estoppel is defined as: An agency created by operation of law when one who is not an agent acts as an agent or an agent oversteps his/her authority, but action (or failure to act) by the principal leads one to believe that the authority exists. See also: Apparent Authority; Ostensible Agency. Example: An example applying the concept of Agency By Estoppel in U.S. real estate transactions."
"Commission Duties and Powers","Agency & Ethics","State","A contractual relationship with consideration going from agent to principal; the agency is given as return consideration. Example: A broker agrees to work to obtain property for a builder in return for a listing after the builder has completed the project. The broker would be entitled to (have an interest in) the listing (agency), provided the broker did obtain the property for the builder. is the legal definition of:","Alias","Agent","Allegation","Agency Coupled With Interest","D","Agency Coupled With Interest is defined as: A contractual relationship with consideration going from agent to principal; the agency is given as return consideration. Example: A broker agrees to work to obtain property for a builder in return for a listing after the builder has completed the project. The broker would be entitled to (have an interest in) the listing (agency), provided the broker did obtain the property for the builder. Example: An example applying the concept of Agency Coupled With Interest in U.S. real estate transactions."
"Commission Duties and Powers","Agency & Ethics","State","What real estate term matches the following description: One who is authorized to act for or represent another (principal), usually in business matters. Authority may be express or implied.","Alias","Agent","Allodium","Allegation","B","Agent is defined as: One who is authorized to act for or represent another (principal), usually in business matters. Authority may be express or implied. Example: An example applying the concept of Agent in U.S. real estate transactions."
"Commission Duties and Powers","State Rules","State","Define: Latin for \""otherwise\"". Commonly meaning that a person is known by more than one name. In some states, indicated by the letters AKA (also known as).","Alias","Allegation","Allodium","Apparent Authority","A","Alias is defined as: Latin for \""otherwise\"". Commonly meaning that a person is known by more than one name. In some states, indicated by the letters AKA (also known as). Example: An example applying the concept of Alias in U.S. real estate transactions."
"Licensing Obligations","Property Law","State","Define: One whose land is contiguous to (abuts) a public right of way.","Abutting Owner","Base Line","Base Map","Base","A","Abutting Owner is defined as: One whose land is contiguous to (abuts) a public right of way. Example: An example applying the concept of Abutting Owner in U.S. real estate transactions."
"Licensing Obligations","Valuation","State","A portion of the Economic Recovery Act of 1981 which allowed shorter depreciation of both real and personal property, did not distinguish between new and used property, and disregarded salvage value. matches which of the following terms?","Accelerated Cost Recovery System (acrs)","Base Map","Base Molding","Base Line","A","Accelerated Cost Recovery System (acrs) is defined as: A portion of the Economic Recovery Act of 1981 which allowed shorter depreciation of both real and personal property, did not distinguish between new and used property, and disregarded salvage value. Example: An example applying the concept of Accelerated Cost Recovery System (acrs) in U.S. real estate transactions."
"Licensing Obligations","Property Law","State","Select the correct term for this definition: A general term including any method of depreciation greater than straight line depreciation (see which).","Base Property","Accelerated Depreciation","Base Molding","Base Map","B","Accelerated Depreciation is defined as: A general term including any method of depreciation greater than straight line depreciation (see which). Example: An example applying the concept of Accelerated Depreciation in U.S. real estate transactions."
"Licensing Obligations","Finance","State","The immediate right to possession of a remainder interest upon the failure of a life estate. is the legal definition of:","Base Property","Base Rent","Acceleration","Base Molding","C","Acceleration is defined as: The immediate right to possession of a remainder interest upon the failure of a life estate. Example: An example applying the concept of Acceleration in U.S. real estate transactions."
"Licensing Obligations","Contracts","State","What real estate term matches the following description: Voluntary agreement to an offer. (1) Real property acceptance must be unequivocal See: Mirror Image Rule. (2) Acceptance for goods, according to the Uniform Commercial Code, need not be unequivocal. Offer, acceptance, and consideration form a contact.","Base Rent","Acceptance","Base Property","Base Shoe Molding","B","Acceptance is defined as: Voluntary agreement to an offer. (1) Real property acceptance must be unequivocal See: Mirror Image Rule. (2) Acceptance for goods, according to the Uniform Commercial Code, need not be unequivocal. Offer, acceptance, and consideration form a contact. Example: An example applying the concept of Acceptance in U.S. real estate transactions."
"Licensing Obligations","Property Law","State","Define: A right to ingress and egress to and from one's property. May be express or implied.","Base Title","Base Rent","Access Right","Base Shoe Molding","C","Access Right is defined as: A right to ingress and egress to and from one's property. May be express or implied. Example: An example applying the concept of Access Right in U.S. real estate transactions."
"Licensing Obligations","Property Law","State","The location of a site in terms of how easily it may be reached by customers, employees, carriers, and others necessary to the intended use of the property. matches which of the following terms?","Accessibility","Base Shoe Molding","Base Title","Base Year","A","Accessibility is defined as: The location of a site in terms of how easily it may be reached by customers, employees, carriers, and others necessary to the intended use of the property. Example: An example applying the concept of Accessibility in U.S. real estate transactions."
"Licensing Obligations","Property Law","State","Select the correct term for this definition: A residential building of more than one unit that can be entered and used by people who are physically handicapped.","Base Title","Base Year","Baseboard","Accessible","D","Accessible is defined as: A residential building of more than one unit that can be entered and used by people who are physically handicapped. Example: An example applying the concept of Accessible in U.S. real estate transactions."
"Licensing Obligations","Property Law","State","The right of an owner to an increase in his property by natural means (such as a riparian owner's right to an abandoned river bed, rights of alluvion and reliction, etc.) or artificially, by improvements. is the legal definition of:","Baseboard Heating","Base Year","Baseboard","Accession","D","Accession is defined as: The right of an owner to an increase in his property by natural means (such as a riparian owner's right to an abandoned river bed, rights of alluvion and reliction, etc.) or artificially, by improvements. Example: An example applying the concept of Accession in U.S. real estate transactions."
"Licensing Obligations","Property Law","State","What real estate term matches the following description: Structures used for the benefit of a central or main building, such as a tool shed, garage, or similar structure.","Basement","Baseboard Heating","Baseboard","Accessory Buildings","D","Accessory Buildings is defined as: Structures used for the benefit of a central or main building, such as a tool shed, garage, or similar structure. Example: An example applying the concept of Accessory Buildings in U.S. real estate transactions."
"Licensing Obligations","Property Law","State","Define: The annual number of hotel (or motel) rooms occupied in a given market area.","Accommodated Room Night Demand","Basic Capacity","Basement","Baseboard Heating","A","Accommodated Room Night Demand is defined as: The annual number of hotel (or motel) rooms occupied in a given market area. Example: An example applying the concept of Accommodated Room Night Demand in U.S. real estate transactions."
"Licensing Obligations","Property Law","State","Person who lends his name to help secure credit for another, by signing a note or other obligation without receiving consideration. matches which of the following terms?","Basic Crops","Accommodation Party","Basement","Basic Capacity","B","Accommodation Party is defined as: Person who lends his name to help secure credit for another, by signing a note or other obligation without receiving consideration. Example: An example applying the concept of Accommodation Party in U.S. real estate transactions."
"Licensing Obligations","Valuation","State","Select the correct term for this definition: The recording of documents with the county recorder by a title insurance company, without liability (no insurance) on the part of the company, but merely as a convenience to a customer.","Basic Capacity","Basis","Basic Crops","Accommodation Recording","D","Accommodation Recording is defined as: The recording of documents with the county recorder by a title insurance company, without liability (no insurance) on the part of the company, but merely as a convenience to a customer. Example: An example applying the concept of Accommodation Recording in U.S. real estate transactions."
"Licensing Obligations","Contracts","State","An agreement by which one accepts something different (usually less) from what is owed as full satisfaction. The amount owed may be in dispute or simply accepted as full satisfaction by the creditor or claimant. The agreement and acceptance is called \""Accord and Satisfaction\"". is the legal definition of:","Basic Crops","Basis","Accord","Basis For Depreciation","C","Accord is defined as: An agreement by which one accepts something different (usually less) from what is owed as full satisfaction. The amount owed may be in dispute or simply accepted as full satisfaction by the creditor or claimant. The agreement and acceptance is called \""Accord and Satisfaction\"". Example: An example applying the concept of Accord in U.S. real estate transactions."
"Licensing Obligations","Contracts","State","What real estate term matches the following description: The agreement (accord) and acceptance (satisfaction) by creditors of less than the full amount owing on a debt.","Basis Point","Accord And Satisfaction","Basis","Basis For Depreciation","B","Accord And Satisfaction is defined as: The agreement (accord) and acceptance (satisfaction) by creditors of less than the full amount owing on a debt. Example: An example applying the concept of Accord And Satisfaction in U.S. real estate transactions."
"Licensing Obligations","Contracts","State","Define: Money owing. The term is generally used in business rather than personal finances. Usually represents services or materials, such as wood, bricks, payment of subcontractors, etc., to a builder.","Basis Point","Accounts Payable","Basis For Depreciation","Bathroom","B","Accounts Payable is defined as: Money owing. The term is generally used in business rather than personal finances. Usually represents services or materials, such as wood, bricks, payment of subcontractors, etc., to a builder. Example: An example applying the concept of Accounts Payable in U.S. real estate transactions."
"Licensing Obligations","Valuation","State","Money owed to a business for goods or services. Accounts receivable may be sold or borrowed against. Many times the sale of accounts receivable is for less than face value (discounted). matches which of the following terms?","Batt","Bathroom","Accounts Receivable","Basis Point","C","Accounts Receivable is defined as: Money owed to a business for goods or services. Accounts receivable may be sold or borrowed against. Many times the sale of accounts receivable is for less than face value (discounted). Example: An example applying the concept of Accounts Receivable in U.S. real estate transactions."
"Licensing Obligations","Property Law","State","Select the correct term for this definition: A designation conferred by the REALTORS Land Institute. See: REALTORS LAND INSTITUTE.","Accredited Land Consultant","Bathroom","Batten","Batt","A","Accredited Land Consultant is defined as: A designation conferred by the REALTORS Land Institute. See: REALTORS LAND INSTITUTE. Example: An example applying the concept of Accredited Land Consultant in U.S. real estate transactions."
"Licensing Obligations","Property Law","State","The gradual addition to the shore or bank of a waterway. The land generally becomes the property of the owner of the shore or bank, except where statutes specify otherwise. is the legal definition of:","Batter","Batt","Batten","Accretion","D","Accretion is defined as: The gradual addition to the shore or bank of a waterway. The land generally becomes the property of the owner of the shore or bank, except where statutes specify otherwise. Example: An example applying the concept of Accretion in U.S. real estate transactions."
"Licensing Obligations","Property Law","State","What real estate term matches the following description: An accounting method under which income and expenses are charged to the periods for which they are applicable, rather than when payment is received or made. The method calling for income and expenses to be based on payment being received or made is cash accounting.","Batture Land","Accrual Accounting","Batter","Batten","B","Accrual Accounting is defined as: An accounting method under which income and expenses are charged to the periods for which they are applicable, rather than when payment is received or made. The method calling for income and expenses to be based on payment being received or made is cash accounting. Example: An example applying the concept of Accrual Accounting in U.S. real estate transactions."
"Licensing Obligations","Property Law","State","Define: Accumulated depreciation. See: Depreciation.","Batter","Bauhaus","Accrued Depreciation","Batture Land","C","Accrued Depreciation is defined as: Accumulated depreciation. See: Depreciation. Example: An example applying the concept of Accrued Depreciation in U.S. real estate transactions."
"Licensing Obligations","Finance","State","Interest on a note, bond, etc. which has been earned but not yet paid. Since interest is usually paid in arrears, accrued interest does not necessarily indicate a delinquency in payment. See also: Accumulated Interest. matches which of the following terms?","Bay","Bauhaus","Accrued Interest","Batture Land","C","Accrued Interest is defined as: Interest on a note, bond, etc. which has been earned but not yet paid. Since interest is usually paid in arrears, accrued interest does not necessarily indicate a delinquency in payment. See also: Accumulated Interest. Example: An example applying the concept of Accrued Interest in U.S. real estate transactions."
"Licensing Obligations","Finance","State","Select the correct term for this definition: Expenses owing but not yet payable. An example is mortgage interest which is paid at the end of the month or property taxes which may be paid after the tax year begins. On a closing statement for a sale, the buyer would be credited with these amounts and would be responsible for their payment.","Accrued Items","Bay","Bay Window","Bauhaus","A","Accrued Items is defined as: Expenses owing but not yet payable. An example is mortgage interest which is paid at the end of the month or property taxes which may be paid after the tax year begins. On a closing statement for a sale, the buyer would be credited with these amounts and would be responsible for their payment. Example: An example applying the concept of Accrued Items in U.S. real estate transactions."
"Licensing Obligations","Finance","State","Unpaid interest which is past due. See also: Accrued Interest. is the legal definition of:","Bay Window","Beach","Accumulated Interest","Bay","C","Accumulated Interest is defined as: Unpaid interest which is past due. See also: Accrued Interest. Example: An example applying the concept of Accumulated Interest in U.S. real estate transactions."
"Licensing Obligations","Property Law","State","What real estate term matches the following description: A soil with an acid rather than an alkaline base. This can determine its suitability for farming.","Acid Soil","Bay Window","Beam","Beach","A","Acid Soil is defined as: A soil with an acid rather than an alkaline base. This can determine its suitability for farming. Example: An example applying the concept of Acid Soil in U.S. real estate transactions."
"Standards of Conduct","Property Law","State","What real estate term matches the following description: (1) A barrier forming an enclosure for logs or timber. (2) A beam of a crane or derrick , used for guiding whatever it lifts.","Boom","Cognovit Note","Coign, Coigne","Coinsurance","A","Boom is defined as: (1) A barrier forming an enclosure for logs or timber. (2) A beam of a crane or derrick , used for guiding whatever it lifts. Example: An example applying the concept of Boom in U.S. real estate transactions."
"Standards of Conduct","Valuation","State","Define: Something given in addition to. Generally used in exchange to refer to something given other than the major properties to be exchanged, in order to equalize value.","Coinsurance Clause","Coinsurance","Coign, Coigne","Boot","D","Boot is defined as: Something given in addition to. Generally used in exchange to refer to something given other than the major properties to be exchanged, in order to equalize value. Example: An example applying the concept of Boot in U.S. real estate transactions."
"Standards of Conduct","Property Law","State","Study of soil by boring holes and removing samples. matches which of the following terms?","Cold Canvass","Coinsurance","Coinsurance Clause","Boring Test","D","Boring Test is defined as: Study of soil by boring holes and removing samples. Example: An example applying the concept of Boring Test in U.S. real estate transactions."
"Standards of Conduct","Property Law","State","Select the correct term for this definition: A part of a city, having authority over certain local matters. The best known boroughs are the five boroughs of New York City.","Coinsurance Clause","Collapsible Corporation","Cold Canvass","Borough","D","Borough is defined as: A part of a city, having authority over certain local matters. The best known boroughs are the five boroughs of New York City. Example: An example applying the concept of Borough in U.S. real estate transactions."
"Standards of Conduct","Property Law","State","Material such as sand or gravel used for grading, which is brought from another location. is the legal definition of:","Collateral","Borrow","Collapsible Corporation","Cold Canvass","B","Borrow is defined as: Material such as sand or gravel used for grading, which is brought from another location. Example: An example applying the concept of Borrow in U.S. real estate transactions."
"Standards of Conduct","Property Law","State","What real estate term matches the following description: The place from which borrow material is taken.","Collateral","Collapsible Corporation","Collateral Assignment","Borrow Bank","D","Borrow Bank is defined as: The place from which borrow material is taken. Example: An example applying the concept of Borrow Bank in U.S. real estate transactions."
"Standards of Conduct","Contracts","State","Define: 1. The party receiving funds that must be repaid, usually with interest. 2. One who uses anything belonging to another with the agreement to return it.","Collateral Heir","Collateral","Collateral Assignment","Borrower","D","Borrower is defined as: 1. The party receiving funds that must be repaid, usually with interest. 2. One who uses anything belonging to another with the agreement to return it. Example: An example applying the concept of Borrower in U.S. real estate transactions."
"Standards of Conduct","Property Law","State","Low land along a river formed by alluvial deposits. Also low lying ground such as a valley or dale. matches which of the following terms?","Collateral Heir","Collateral Note","Bottom Land","Collateral Assignment","C","Bottom Land is defined as: Low land along a river formed by alluvial deposits. Also low lying ground such as a valley or dale. Example: An example applying the concept of Bottom Land in U.S. real estate transactions."
"Standards of Conduct","Property Law","State","Select the correct term for this definition: A wide street, usually having a median or promenade, and lined with trees.","Collateral Security","Boulevard","Collateral Note","Collateral Heir","B","Boulevard is defined as: A wide street, usually having a median or promenade, and lined with trees. Example: An example applying the concept of Boulevard in U.S. real estate transactions."
"Standards of Conduct","Property Law","State","A separation, natural or artificial, which marks the division of two contiguous properties. is the legal definition of:","Collateral Note","Collateral Security","Collateralized Mortgage Obligation","Boundary","D","Boundary is defined as: A separation, natural or artificial, which marks the division of two contiguous properties. Example: An example applying the concept of Boundary in U.S. real estate transactions."
"Standards of Conduct","Property Law","State","What real estate term matches the following description: A brook. Also called a bourne or burn.","Collateralized Mortgage Obligation","Collusion","Bourn","Collateral Security","C","Bourn is defined as: A brook. Also called a bourne or burn. Example: An example applying the concept of Bourn in U.S. real estate transactions."
"Standards of Conduct","Property Law","State","Define: A structural truss with a top member which curves at each end to meet the bottom member, thus resembling a bow.","Collusion","Bowstring Truss","Collateralized Mortgage Obligation","Colonial Architecture","B","Bowstring Truss is defined as: A structural truss with a top member which curves at each end to meet the bottom member, thus resembling a bow. Example: An example applying the concept of Bowstring Truss in U.S. real estate transactions."
"Standards of Conduct","Property Law","State","Framing reinforced with post and braces, forming a frame more rigid than balloon framing. matches which of the following terms?","Collusion","Colonnade","Braced Framing","Colonial Architecture","C","Braced Framing is defined as: Framing reinforced with post and braces, forming a frame more rigid than balloon framing. Example: An example applying the concept of Braced Framing in U.S. real estate transactions."
"Standards of Conduct","Property Law","State","Select the correct term for this definition: A circular lavatory, usually found in industrial buildings, capable of use by several persons at the same time by utilization of a center column containing multiple water jets operated by foot pedals. Also called a Bradley Fountain.","Colonial Architecture","Bradley Sink","Color Of Title","Colonnade","B","Bradley Sink is defined as: A circular lavatory, usually found in industrial buildings, capable of use by several persons at the same time by utilization of a center column containing multiple water jets operated by foot pedals. Also called a Bradley Fountain. Example: An example applying the concept of Bradley Sink in U.S. real estate transactions."
"Standards of Conduct","Contracts","State","Failure to perform a contract, in whole or part, without legal excuse. is the legal definition of:","Colonnade","Color Of Title","Breach Of Contract","Column","C","Breach Of Contract is defined as: Failure to perform a contract, in whole or part, without legal excuse. Example: An example applying the concept of Breach Of Contract in U.S. real estate transactions."
"Standards of Conduct","Property Law","State","What real estate term matches the following description: The failure to do or to refrain from doing that which was covenanted. See also: Covenant; Condition; Restriction.","Column","Column Footings","Color Of Title","Breach Of Covenant","D","Breach Of Covenant is defined as: The failure to do or to refrain from doing that which was covenanted. See also: Covenant; Condition; Restriction. Example: An example applying the concept of Breach Of Covenant in U.S. real estate transactions."
"Standards of Conduct","Contracts","State","Define: In real property, the failure of the seller to pass title as either expressed or implied (by law) in the conveyancing document. See also: Warranty Deed; Grant Deed; Quitclaim Deed.","Column","Breach Of Warranty","Column Footings","Column Lots","B","Breach Of Warranty is defined as: In real property, the failure of the seller to pass title as either expressed or implied (by law) in the conveyancing document. See also: Warranty Deed; Grant Deed; Quitclaim Deed. Example: An example applying the concept of Breach Of Warranty in U.S. real estate transactions."
"Standards of Conduct","Property Law","State","In income property, where there is neither a positive nor a negative cash flow. matches which of the following terms?","Break Even Point","Column Footings","Column Lots","Column Steel","A","Break Even Point is defined as: In income property, where there is neither a positive nor a negative cash flow. Example: An example applying the concept of Break Even Point in U.S. real estate transactions."
"Standards of Conduct","Valuation","State","Select the correct term for this definition: Estimating accrued depreciation by using all three reasons (physical deterioration, functional obsolescence, economic obsolescence) for loss in value.","Breakdown Method","Column Lots","Column Steel","Combed Plywood","A","Breakdown Method is defined as: Estimating accrued depreciation by using all three reasons (physical deterioration, functional obsolescence, economic obsolescence) for loss in value. Example: An example applying the concept of Breakdown Method in U.S. real estate transactions."
"Standards of Conduct","Property Law","State","The height at which the diameter of a tree is measured. A height of 4 1/2 feet above the ground level. The abbreviation D.B.H. (diameter-breast-height) is usually used. is the legal definition of:","Column Steel","Combed Plywood","Combination Advance Reverse Mortgage","Breast-height","D","Breast-height is defined as: The height at which the diameter of a tree is measured. A height of 4 1/2 feet above the ground level. The abbreviation D.B.H. (diameter-breast-height) is usually used. Example: An example applying the concept of Breast-height in U.S. real estate transactions."
"Standards of Conduct","Property Law","State","What real estate term matches the following description: A storage tank roof which rises or lowers depending on the level of the stored gas or liquid.","Combed Plywood","Breather Roof","Combination Door","Combination Advance Reverse Mortgage","B","Breather Roof is defined as: A storage tank roof which rises or lowers depending on the level of the stored gas or liquid. Example: An example applying the concept of Breather Roof in U.S. real estate transactions."
"Standards of Conduct","Property Law","State","Define: (1) In construction of a house with no garage, a canopy which extends from the house over the driveway as a protection from the weather for an automobile and for those people going between the house and the automobile. (2) A covering over a porch or patio, connecting two sections of a house or a house and garage. Open on two sides, allowing air circulation (breeze).","Combination Sewer","Combination Door","Combination Advance Reverse Mortgage","Breezeway","D","Breezeway is defined as: (1) In construction of a house with no garage, a canopy which extends from the house over the driveway as a protection from the weather for an automobile and for those people going between the house and the automobile. (2) A covering over a porch or patio, connecting two sections of a house or a house and garage. Open on two sides, allowing air circulation (breeze). Example: An example applying the concept of Breezeway in U.S. real estate transactions."
"Standards of Conduct","Property Law","State","A building material made from clay, which is molded and heated. The effect of the heat on the iron in the clay gives a red color. Addition of lime or magnesia produces a yellow color. matches which of the following terms?","Combination Door","Combination Sewer","Combination Window","Brick","D","Brick is defined as: A building material made from clay, which is molded and heated. The effect of the heat on the iron in the clay gives a red color. Addition of lime or magnesia produces a yellow color. Example: An example applying the concept of Brick in U.S. real estate transactions."
"Standards of Conduct","Property Law","State","Select the correct term for this definition: A structure over a waterway, highway, or other obstruction, to facilitate passage and for the benefit of travelers.","Combination Sewer","Combination Window","Commercial Bank","Bridge","D","Bridge is defined as: A structure over a waterway, highway, or other obstruction, to facilitate passage and for the benefit of travelers. Example: An example applying the concept of Bridge in U.S. real estate transactions."
"Standards of Conduct","Finance","State","A form of interim loan, generally made between a short term loan and a permanent (long term) loan, when the borrower needs to have more time before taking the long term financing. is the legal definition of:","Commercial Bank","Combination Window","Commercial Broker","Bridge Financing","D","Bridge Financing is defined as: A form of interim loan, generally made between a short term loan and a permanent (long term) loan, when the borrower needs to have more time before taking the long term financing. Example: An example applying the concept of Bridge Financing in U.S. real estate transactions."
"Agency & Brokerage (Intermediary)","Contracts","State","Select the correct term for this definition: The interest rate on a specific note as opposed to the market rate.","Contract Rate","Commingling","Blockbusting","Caveat Emptor","A","Contract Rate is defined as: The interest rate on a specific note as opposed to the market rate. Example: An example applying the concept of Contract Rate in U.S. real estate transactions."
"Agency & Brokerage (Intermediary)","Contracts","State","Rent paid under a lease. The actual rent as opposed to the market rental value of the property. is the legal definition of:","Caveat Emptor","Commingling","Dual Agency","Contract Rent","D","Contract Rent is defined as: Rent paid under a lease. The actual rent as opposed to the market rental value of the property. Example: An example applying the concept of Contract Rent in U.S. real estate transactions."
"Agency & Brokerage (Intermediary)","Contracts","State","What real estate term matches the following description: Expenses over and above labor and materials, such as return on money invested, carrying costs of land, office expense, interest on loans, etc.","Fair Housing Act","Contractor's Overhead","Dual Agency","Commingling","B","Contractor's Overhead is defined as: Expenses over and above labor and materials, such as return on money invested, carrying costs of land, office expense, interest on loans, etc. Example: An example applying the concept of Contractor's Overhead in U.S. real estate transactions."
"Agency & Brokerage (Intermediary)","Contracts","State","Define: Price at which property is sold, less costs of land, labor and materials, and overhead.","Contractor's Profit","Fair Housing Act","Fiduciary Duties","Dual Agency","A","Contractor's Profit is defined as: Price at which property is sold, less costs of land, labor and materials, and overhead. Example: An example applying the concept of Contractor's Profit in U.S. real estate transactions."
"Agency & Brokerage (Intermediary)","Contracts","State","A voluntary lien such as a mortgage or deed of trust. matches which of the following terms?","Fraud","Fiduciary Duties","Fair Housing Act","Contractual Lien","D","Contractual Lien is defined as: A voluntary lien such as a mortgage or deed of trust. Example: An example applying the concept of Contractual Lien in U.S. real estate transactions."
"Agency & Brokerage (Intermediary)","Finance","State","Select the correct term for this definition: (1) The right of one who pays a common liability to recover from the others who share the liability. Example: A, B and C own property. A pays the property tax. A may recover from B and C that portion which B and C should have paid. (2) Decreasing the gifts in a will to pay creditors of the estate or those entitled to a portion of the estate who have been omitted. See also: Abatement.","Fraud","Fiduciary Duties","Contribution","Steering","C","Contribution is defined as: (1) The right of one who pays a common liability to recover from the others who share the liability. Example: A, B and C own property. A pays the property tax. A may recover from B and C that portion which B and C should have paid. (2) Decreasing the gifts in a will to pay creditors of the estate or those entitled to a portion of the estate who have been omitted. See also: Abatement. Example: An example applying the concept of Contribution in U.S. real estate transactions."
"Agency & Brokerage (Intermediary)","Property Law","State","Referring to traffic, the term is used to indicate a traffic light or stop sign at an intersection, which slows (controls) traffic. A retail site, such as a gas station or fast food restaurant, prefers a corner location with control. is the legal definition of:","Control","Steering","Agency Agreement (agency Listing)","Fraud","A","Control is defined as: Referring to traffic, the term is used to indicate a traffic light or stop sign at an intersection, which slows (controls) traffic. A retail site, such as a gas station or fast food restaurant, prefers a corner location with control. Example: An example applying the concept of Control in U.S. real estate transactions."
"Agency & Brokerage (Intermediary)","Property Law","State","What real estate term matches the following description: In government projects such as urban renewal, the limits on use, density, and other limits which would be contained in zoning laws in a private venture.","Controls","Steering","Agency Agreement (agency Listing)","Agency By Estoppel","A","Controls is defined as: In government projects such as urban renewal, the limits on use, density, and other limits which would be contained in zoning laws in a private venture. Example: An example applying the concept of Controls in U.S. real estate transactions."
"Agency & Brokerage (Intermediary)","Property Law","State","Define: In heating, the motion created by the gravitational pull on air or water at different temperatures, and therefore, different densities.","Agency Agreement (agency Listing)","Convection","Agency Coupled With Interest","Agency By Estoppel","B","Convection is defined as: In heating, the motion created by the gravitational pull on air or water at different temperatures, and therefore, different densities. Example: An example applying the concept of Convection in U.S. real estate transactions."
"Agency & Brokerage (Intermediary)","Contracts","State","A mortgage or deed of trust not obtained under a government insured program, (such as F.H.A. or V.A.). matches which of the following terms?","Agent","Conventional Loan","Agency Coupled With Interest","Agency By Estoppel","B","Conventional Loan is defined as: A mortgage or deed of trust not obtained under a government insured program, (such as F.H.A. or V.A.). Example: An example applying the concept of Conventional Loan in U.S. real estate transactions."
"Agency & Brokerage (Intermediary)","Property Law","State","Select the correct term for this definition: (1) A legal term referring to the \""legal\"" changing from real to personal property (or vice versa), although there is no actual change in the property. (2) A taking of something for one's own use which was originally in his possession only to hold for the owner. (3) The changing of an apartment to a condominium.","Apparent Authority","Agency Coupled With Interest","Conversion","Agent","C","Conversion is defined as: (1) A legal term referring to the \""legal\"" changing from real to personal property (or vice versa), although there is no actual change in the property. (2) A taking of something for one's own use which was originally in his possession only to hold for the owner. (3) The changing of an apartment to a condominium. Example: An example applying the concept of Conversion in U.S. real estate transactions."
"Agency & Brokerage (Intermediary)","Finance","State","The provision in a convertible adjustable rate mortgage giving the borrower the option of changing to a fixed rate at specified times during the term of the mortgage. is the legal definition of:","Appraisal Institute","Apparent Authority","Agent","Convertibility Clause","D","Convertibility Clause is defined as: The provision in a convertible adjustable rate mortgage giving the borrower the option of changing to a fixed rate at specified times during the term of the mortgage. Example: An example applying the concept of Convertibility Clause in U.S. real estate transactions."
"Agency & Brokerage (Intermediary)","Finance","State","What real estate term matches the following description: An adjustable rate mortgage that gives the borrower the option to change to a fixed rate at specified times during the term of the loan.","Apparent Authority","Appraisal Institute","Convertible Adjustable Rate Mortgage","Attorney At Law","C","Convertible Adjustable Rate Mortgage is defined as: An adjustable rate mortgage that gives the borrower the option to change to a fixed rate at specified times during the term of the loan. Example: An example applying the concept of Convertible Adjustable Rate Mortgage in U.S. real estate transactions."
"Agency & Brokerage (Intermediary)","Finance","State","Define: A mortgage which enables the lender to take (convert to) an equity (ownership) position in the collateral security (real estate) as opposed to that of a lienholder.","Attorney-in-fact","Appraisal Institute","Convertible Mortgage","Attorney At Law","C","Convertible Mortgage is defined as: A mortgage which enables the lender to take (convert to) an equity (ownership) position in the collateral security (real estate) as opposed to that of a lienholder. Example: An example applying the concept of Convertible Mortgage in U.S. real estate transactions."
"Agency & Brokerage (Intermediary)","Property Law","State","Having an angle or curvature greater than 180 degrees. matches which of the following terms?","Automatic Lender","Attorney-in-fact","Convex","Attorney At Law","C","Convex is defined as: Having an angle or curvature greater than 180 degrees. Example: An example applying the concept of Convex in U.S. real estate transactions."
"Agency & Brokerage (Intermediary)","Property Law","State","Select the correct term for this definition: To transfer title to property. See also: Conveyance.","Automatic Lender","Brokerage","Convey","Attorney-in-fact","C","Convey is defined as: To transfer title to property. See also: Conveyance. Example: An example applying the concept of Convey in U.S. real estate transactions."
"Agency & Brokerage (Intermediary)","Finance","State","Transfer of title to land. Includes most instruments by which an interest in real estate is created, mortgaged, or assigned. is the legal definition of:","Brokerage","Conveyance","Automatic Lender","Buyer","B","Conveyance is defined as: Transfer of title to land. Includes most instruments by which an interest in real estate is created, mortgaged, or assigned. Example: An example applying the concept of Conveyance in U.S. real estate transactions."
"Agency & Brokerage (Intermediary)","Property Law","State","What real estate term matches the following description: A structure to shelter chickens.","Buyer","Brokerage","Coop","Buyers Broker","C","Coop is defined as: A structure to shelter chickens. Example: An example applying the concept of Coop in U.S. real estate transactions."
"Agency & Brokerage (Intermediary)","Property Law","State","Define: The broker who finds the buyer and so shares in the commission with the listing broker.","Certified Real Estate Brokerage Manager (crb)","Buyers Broker","Buyer","Cooperating Broker","D","Cooperating Broker is defined as: The broker who finds the buyer and so shares in the commission with the listing broker. Example: An example applying the concept of Cooperating Broker in U.S. real estate transactions."
"Agency & Brokerage (Intermediary)","Contracts","State","A clause in the purchase agreements of both the relinquished and replacement properties in a 1031 exchange stating that the parties agree to do what is required (cooperate) by the IRS rules. matches which of the following terms?","Certified Real Estate Brokerage Manager (crb)","Buyers Broker","Cooperation Clause","Clarifier","C","Cooperation Clause is defined as: A clause in the purchase agreements of both the relinquished and replacement properties in a 1031 exchange stating that the parties agree to do what is required (cooperate) by the IRS rules. Example: An example applying the concept of Cooperation Clause in U.S. real estate transactions."
"Agency & Brokerage (Intermediary)","Property Law","State","Select the correct term for this definition: Also called a stock cooperative or a co-op. A structure of two or more units in which the right to occupy a unit is obtained by the purchase of stock in the corporation which owns the building. Difficult to obtain financing because there is not individual ownership of each unit. A forerunner of the condominium.","Client","Clarifier","Cooperative Apartment","Certified Real Estate Brokerage Manager (crb)","C","Cooperative Apartment is defined as: Also called a stock cooperative or a co-op. A structure of two or more units in which the right to occupy a unit is obtained by the purchase of stock in the corporation which owns the building. Difficult to obtain financing because there is not individual ownership of each unit. A forerunner of the condominium. Example: An example applying the concept of Cooperative Apartment in U.S. real estate transactions."
"Agency & Brokerage (Intermediary)","Property Law","State","The top or \""cap\"" of a wall, usually convex to permit the runoff of water. is the legal definition of:","Client","Commission","Clarifier","Coping","D","Coping is defined as: The top or \""cap\"" of a wall, usually convex to permit the runoff of water. Example: An example applying the concept of Coping in U.S. real estate transactions."
"Agency & Brokerage (Intermediary)","Property Law","State","What real estate term matches the following description: A small wooded area. A thicket of trees or bushes.","Community Second Mortgage","Copse","Commission","Client","B","Copse is defined as: A small wooded area. A thicket of trees or bushes. Example: An example applying the concept of Copse in U.S. real estate transactions."
"Agency & Brokerage (Intermediary)","Property Law","State","Define: A timber or stone, set in and projecting from a wall, and used to support a load.","Commission","Corbel","Custody","Community Second Mortgage","B","Corbel is defined as: A timber or stone, set in and projecting from a wall, and used to support a load. Example: An example applying the concept of Corbel in U.S. real estate transactions."
"Agency & Brokerage (Intermediary)","Property Law","State","A measure, usually associated with cut wood. 128 cubic feet of cut wood, or a pile 4' high, 4' wide, and 8' long. matches which of the following terms?","Delivery","Custody","Cord","Community Second Mortgage","C","Cord is defined as: A measure, usually associated with cut wood. 128 cubic feet of cut wood, or a pile 4' high, 4' wide, and 8' long. Example: An example applying the concept of Cord in U.S. real estate transactions."
"Contracts","Contracts","State","Define: A legal fiction applied to a land contract which treats the vendee's (buyer's) interest as a real property interest even though the seller holds legal title, and the seller's interest as a security interest (personal property). This enables the buyer to act as the \""owner\"" of the property without having \""legal\"" title.","Equitable Conversion","Future Advance Clause","Future Acquired Property","General Contractor","A","Equitable Conversion is defined as: A legal fiction applied to a land contract which treats the vendee's (buyer's) interest as a real property interest even though the seller holds legal title, and the seller's interest as a security interest (personal property). This enables the buyer to act as the \""owner\"" of the property without having \""legal\"" title. Example: An example applying the concept of Equitable Conversion in U.S. real estate transactions."
"Contracts","Contracts","State","(1) A lien against real property (mortgage) which is enforceable in a court of equity, but does not legally constitute a mortgage. (2) A deed given as security for a debt will be held to be a mortgage rather than a transfer of title. Also called a constructive mortgage. matches which of the following terms?","Equitable Mortgage","Future Advance Clause","General Contractor","General Lien","A","Equitable Mortgage is defined as: (1) A lien against real property (mortgage) which is enforceable in a court of equity, but does not legally constitute a mortgage. (2) A deed given as security for a debt will be held to be a mortgage rather than a transfer of title. Also called a constructive mortgage. Example: An example applying the concept of Equitable Mortgage in U.S. real estate transactions."
"Contracts","Contracts","State","Select the correct term for this definition: Ownership by one who does not have legal title, such as a vendee under a land contract or, technically, a trustor under a deed of trust (legal title being in the trustee). Also called equitable title.","General Warranty Deed","General Contractor","Equitable Ownership","General Lien","C","Equitable Ownership is defined as: Ownership by one who does not have legal title, such as a vendee under a land contract or, technically, a trustor under a deed of trust (legal title being in the trustee). Also called equitable title. Example: An example applying the concept of Equitable Ownership in U.S. real estate transactions."
"Contracts","Contracts","State","The reduction of principal on a mortgage or deed of trust by periodic payments, which increases (builds-up) the difference (equity) between the property value and amount of the lien. is the legal definition of:","Gift Deed","General Lien","General Warranty Deed","Equity Build-up","D","Equity Build-up is defined as: The reduction of principal on a mortgage or deed of trust by periodic payments, which increases (builds-up) the difference (equity) between the property value and amount of the lien. Example: An example applying the concept of Equity Build-up in U.S. real estate transactions."
"Contracts","Contracts","State","What real estate term matches the following description: A combination of a line of credit and equity loan. A maximum loan amount is established based on credit and equity. A mortgage (deed of trust) is recorded against the potential borrower's property for said maximum loan amount. The potential borrower has the right to borrow, as needed, up to the amount of the mortgage.","Equity Line Of Credit","General Warranty Deed","Gnma (ginnie Mae)","Gift Deed","A","Equity Line Of Credit is defined as: A combination of a line of credit and equity loan. A maximum loan amount is established based on credit and equity. A mortgage (deed of trust) is recorded against the potential borrower's property for said maximum loan amount. The potential borrower has the right to borrow, as needed, up to the amount of the mortgage. Example: An example applying the concept of Equity Line Of Credit in U.S. real estate transactions."
"Contracts","Contracts","State","Define: One who purchases the equity of another in real property, either assuming or taking subject to existing mortgages or deeds of trust.","Gnma (ginnie Mae)","Equity Purchaser","Graduated Lease","Gift Deed","B","Equity Purchaser is defined as: One who purchases the equity of another in real property, either assuming or taking subject to existing mortgages or deeds of trust. Example: An example applying the concept of Equity Purchaser in U.S. real estate transactions."
"Contracts","Contracts","State","A scam where a \""buyer\"" approaches a homeowner who is behind on his/her mortgage payments. The owner moves out of the property based on the promise to bring the mortgage current and give the owner money when the property is sold. After getting a deed from the homeowner, the con artist rents out the property until the foreclosure is final. Also known as milking. matches which of the following terms?","Equity Skimming","Graduated Payment Mortgage","Graduated Lease","Gnma (ginnie Mae)","A","Equity Skimming is defined as: A scam where a \""buyer\"" approaches a homeowner who is behind on his/her mortgage payments. The owner moves out of the property based on the promise to bring the mortgage current and give the owner money when the property is sold. After getting a deed from the homeowner, the con artist rents out the property until the foreclosure is final. Also known as milking. Example: An example applying the concept of Equity Skimming in U.S. real estate transactions."
"Contracts","Contracts","State","Select the correct term for this definition: A clause in a lease providing for an increased rental at a future time. May be accomplished by several types of clauses, such as (1) Fixed increase - A clause which calls for a definite, periodic rental increase. (2) Cost of living - A clause which ties the rent to a government cost of living index, with periodic adjustments as the index changes. (3) Direct expense - The rent is adjusted according to changes in the expenses of the property paid by the lessor, such as tax increases, increased maintenance costs, etc.","Graduated Payment Mortgage","Grant Deed","Graduated Lease","Escalation Clause","D","Escalation Clause is defined as: A clause in a lease providing for an increased rental at a future time. May be accomplished by several types of clauses, such as (1) Fixed increase - A clause which calls for a definite, periodic rental increase. (2) Cost of living - A clause which ties the rent to a government cost of living index, with periodic adjustments as the index changes. (3) Direct expense - The rent is adjusted according to changes in the expenses of the property paid by the lessor, such as tax increases, increased maintenance costs, etc. Example: An example applying the concept of Escalation Clause in U.S. real estate transactions."
"Contracts","Contracts","State","A document establishing ownership to property. Most commonly, a deed. is the legal definition of:","Grant Deed","Gross","Evidence Of Title","Graduated Payment Mortgage","C","Evidence Of Title is defined as: A document establishing ownership to property. Most commonly, a deed. Example: An example applying the concept of Evidence Of Title in U.S. real estate transactions."
"Contracts","Contracts","State","What real estate term matches the following description: Rental income (usually under a lease) which exceeds the fair rental value of the property.","Gross","Grant Deed","Gross Lease","Excess Rent","D","Excess Rent is defined as: Rental income (usually under a lease) which exceeds the fair rental value of the property. Example: An example applying the concept of Excess Rent in U.S. real estate transactions."
"Contracts","Contracts","State","Define: Instrument (contract) used in an exchange. See also: Exchange.","Gross Lease","Ground Lease","Exchange Agreement","Gross","C","Exchange Agreement is defined as: Instrument (contract) used in an exchange. See also: Exchange. Example: An example applying the concept of Exchange Agreement in U.S. real estate transactions."
"Contracts","Contracts","State","A deed issued by the executor of an estate. (See: Executor). matches which of the following terms?","Gross Lease","Guaranty","Ground Lease","Executor's Deed","D","Executor's Deed is defined as: A deed issued by the executor of an estate. (See: Executor). Example: An example applying the concept of Executor's Deed in U.S. real estate transactions."
"Contracts","Contracts","State","Select the correct term for this definition: A contract under which there is still to be performance. See also: Executory Sale.","Habendum","Ground Lease","Guaranty","Executory Contract","D","Executory Contract is defined as: A contract under which there is still to be performance. See also: Executory Sale. Example: An example applying the concept of Executory Contract in U.S. real estate transactions."
"Contracts","Contracts","State","A sale not fully completed, such as (at least in theory) a land contract sale. See also: Executed Sale. is the legal definition of:","Habendum","Executory Sale","Heirs And Assigns","Guaranty","B","Executory Sale is defined as: A sale not fully completed, such as (at least in theory) a land contract sale. See also: Executed Sale. Example: An example applying the concept of Executory Sale in U.S. real estate transactions."
"Contracts","Contracts","State","What real estate term matches the following description: Any connection of two members which allows for movement of the members when effected by pressure toward or away from the connecting area (joint). A joint in a bridge, building, or similar structure, allowing for expansion or contraction of the parts of the structure from temperature changes.","Habendum","Expansion Joint","Heirs And Assigns","Hold Harmless Agreement","B","Expansion Joint is defined as: Any connection of two members which allows for movement of the members when effected by pressure toward or away from the connecting area (joint). A joint in a bridge, building, or similar structure, allowing for expansion or contraction of the parts of the structure from temperature changes. Example: An example applying the concept of Expansion Joint in U.S. real estate transactions."
"Contracts","Contracts","State","Define: A clause limiting the expense of one of the parties and shifting the burden to the other party at an agreed upon amount. Used primarily in leases.","Hold Over Tenant","Hold Harmless Agreement","Expense Stop","Heirs And Assigns","C","Expense Stop is defined as: A clause limiting the expense of one of the parties and shifting the burden to the other party at an agreed upon amount. Used primarily in leases. Example: An example applying the concept of Expense Stop in U.S. real estate transactions."
"Contracts","Contracts","State","(1) The degree to which a property for sale, lease, etc., is made noticeable (exposed) to potential buyers, tenants, etc., through advertising, multiple listing groups, etc. (2) The direction in which a property faces. For example: Does a store depending on walk-in trade face the sun in the morning when people walk in the sun to get warm (eastern exposure), or face the sun in the afternoon when people walk in the shade to keep cool (western exposure). matches which of the following terms?","Holding Escrow","Exposure","Hold Over Tenant","Hold Harmless Agreement","B","Exposure is defined as: (1) The degree to which a property for sale, lease, etc., is made noticeable (exposed) to potential buyers, tenants, etc., through advertising, multiple listing groups, etc. (2) The direction in which a property faces. For example: Does a store depending on walk-in trade face the sun in the morning when people walk in the sun to get warm (eastern exposure), or face the sun in the afternoon when people walk in the shade to keep cool (western exposure). Example: An example applying the concept of Exposure in U.S. real estate transactions."
"Contracts","Contracts","State","Select the correct term for this definition: A limited menu restaurant, offering quick service, low prices, and usually over-the-counter service rather than table service.","Holdover Tenant","Hold Over Tenant","Fast Food Restaurant","Holding Escrow","C","Fast Food Restaurant is defined as: A limited menu restaurant, offering quick service, low prices, and usually over-the-counter service rather than table service. Example: An example applying the concept of Fast Food Restaurant in U.S. real estate transactions."
"Contracts","Contracts","State","A lien attaching to property for nonpayment of a federal tax (estate, income, etc.). A federal tax lien differs from other liens in that it is not automatically wiped out by foreclosing on a mortgage or trust deed recorded before the tax lien (except by judicial foreclosure). is the legal definition of:","Home Inspection","Holdover Tenant","Holding Escrow","Federal Tax Lien","D","Federal Tax Lien is defined as: A lien attaching to property for nonpayment of a federal tax (estate, income, etc.). A federal tax lien differs from other liens in that it is not automatically wiped out by foreclosing on a mortgage or trust deed recorded before the tax lien (except by judicial foreclosure). Example: An example applying the concept of Federal Tax Lien in U.S. real estate transactions."
"Contracts","Contracts","State","What real estate term matches the following description: An independent contractor, not an employee of the company requesting the appraisal.","Fee Appraiser","Holdover Tenant","Implied Contract","Home Inspection","A","Fee Appraiser is defined as: An independent contractor, not an employee of the company requesting the appraisal. Example: An example applying the concept of Fee Appraiser in U.S. real estate transactions."
"Contracts","Contracts","State","Define: An instrument (usually a mortgage or deed of trust) which is recorded not on specific property but to be incorporated by reference into future mortgages or deeds of trust. This is done by reference to the recording information of the fictitious instrument in the instrument recorded against specific property. This shortens the latter instrument and thereby cuts costs of printing, paper, recording, etc. The fictitious instrument contains general language applicable to any specific property.","Implied Contract","Home Inspection","Implied Listing","Fictitious Instrument","D","Fictitious Instrument is defined as: An instrument (usually a mortgage or deed of trust) which is recorded not on specific property but to be incorporated by reference into future mortgages or deeds of trust. This is done by reference to the recording information of the fictitious instrument in the instrument recorded against specific property. This shortens the latter instrument and thereby cuts costs of printing, paper, recording, etc. The fictitious instrument contains general language applicable to any specific property. Example: An example applying the concept of Fictitious Instrument in U.S. real estate transactions."
"Contracts","Contracts","State","A right, usually given by an owner to a lessee, which gives the lessee a first chance to buy the property if the owner decides to sell. The owner must have a legitimate offer which the lessee can match or refuse. If the lessee refuses, the property can then be sold to the offeror. matches which of the following terms?","Inchoate Instrument","Implied Contract","Implied Listing","First Refusal Right","D","First Refusal Right is defined as: A right, usually given by an owner to a lessee, which gives the lessee a first chance to buy the property if the owner decides to sell. The owner must have a legitimate offer which the lessee can match or refuse. If the lessee refuses, the property can then be sold to the offeror. Example: An example applying the concept of First Refusal Right in U.S. real estate transactions."
"Contracts","Contracts","State","Select the correct term for this definition: Personal property which is attached to real property, and is legally treated as real property while it is so attached. Fixtures, not specifically excepted from an accepted offer to purchase, pass with the real estate.","Fixtures","Inchoate Instrument","Implied Listing","Indemnity Agreement","A","Fixtures is defined as: Personal property which is attached to real property, and is legally treated as real property while it is so attached. Fixtures, not specifically excepted from an accepted offer to purchase, pass with the real estate. Example: An example applying the concept of Fixtures in U.S. real estate transactions."
"Contracts","Contracts","State","Not an easement by agreement, but the common law servitude of land of a lower grade level to allow water from land of a higher level to flow across it. is the legal definition of:","Indemnity Agreement","Inchoate Instrument","Indenture Deed","Flowage Easement","D","Flowage Easement is defined as: Not an easement by agreement, but the common law servitude of land of a lower grade level to allow water from land of a higher level to flow across it. Example: An example applying the concept of Flowage Easement in U.S. real estate transactions."
"Contracts","Contracts","State","What real estate term matches the following description: A force which cannot be resisted. In other words, something beyond the control of the parties involved. Includes Acts of God (see which) and acts of man (riots, strikes, arson, etc.) Used primarily in insurance but may be extended to any type of performance contract, such as construction.","Force Majeure (french)","Independent Contractor","Indemnity Agreement","Indenture Deed","A","Force Majeure (french) is defined as: A force which cannot be resisted. In other words, something beyond the control of the parties involved. Includes Acts of God (see which) and acts of man (riots, strikes, arson, etc.) Used primarily in insurance but may be extended to any type of performance contract, such as construction. Example: An example applying the concept of Force Majeure (french) in U.S. real estate transactions."
"Special Topics","Finance","State","Formulas to determine a potential borrower's ability to repay a mortgage loan. The ratios are (1) the monthly amount to repay all mortgage loans on the property divided by the borrower's gross monthly income and (2) the borrower's total monthly expenses divided by the gross monthly income. is the legal definition of:","Expense Ratios","Industrial Siding","Industrial Property","Industrial Tax Exemption","A","Expense Ratios is defined as: Formulas to determine a potential borrower's ability to repay a mortgage loan. The ratios are (1) the monthly amount to repay all mortgage loans on the property divided by the borrower's gross monthly income and (2) the borrower's total monthly expenses divided by the gross monthly income. Example: An example applying the concept of Expense Ratios in U.S. real estate transactions."
"Special Topics","Finance","State","What real estate term matches the following description: The costs which are attributed to the sale of real estate. They would include commission, loan points, title and escrow fees, documentary transfer tax, etc.","Inflation","Expenses Of Sale","Industrial Siding","Industrial Tax Exemption","B","Expenses Of Sale is defined as: The costs which are attributed to the sale of real estate. They would include commission, loan points, title and escrow fees, documentary transfer tax, etc. Example: An example applying the concept of Expenses Of Sale in U.S. real estate transactions."
"Special Topics","Property Law","State","Define: Testimony by one acknowledged to have special training and knowledge in a particular subject. Only testimony on the subject in which the witness is \""expert\"" is considered expert testimony.","Infrastructure","Industrial Tax Exemption","Inflation","Expert Testimony","D","Expert Testimony is defined as: Testimony by one acknowledged to have special training and knowledge in a particular subject. Only testimony on the subject in which the witness is \""expert\"" is considered expert testimony. Example: An example applying the concept of Expert Testimony in U.S. real estate transactions."
"Special Topics","Property Law","State","One acknowledged to have special training and knowledge of a particular subject, and testifying on that subject. matches which of the following terms?","Infrastructure","Inflation","Ingress And Egress","Expert Witness","D","Expert Witness is defined as: One acknowledged to have special training and knowledge of a particular subject, and testifying on that subject. Example: An example applying the concept of Expert Witness in U.S. real estate transactions."
"Special Topics","Property Law","State","Select the correct term for this definition: Clear and definite; set forth, as opposed to implied.","Infrastructure","Ingress And Egress","Express","Inharmonious","C","Express is defined as: Clear and definite; set forth, as opposed to implied. Example: An example applying the concept of Express in U.S. real estate transactions."
"Special Topics","Property Law","State","A warranty given by words of the seller rather than by law or circumstances. is the legal definition of:","Inharmonious","Ingress And Egress","Express Warranty","Inheritance","C","Express Warranty is defined as: A warranty given by words of the seller rather than by law or circumstances. Example: An example applying the concept of Express Warranty in U.S. real estate transactions."
"Special Topics","Property Law","State","What real estate term matches the following description: A highway (usually divided) with control of access, and with major streets crossing it at a different grade level. Distinguished from \""toll roads\"" in that no fee is charged to those using the expressway.","Inheritance","Inharmonious","Expressway (freeway)","Inheritance Tax","C","Expressway (freeway) is defined as: A highway (usually divided) with control of access, and with major streets crossing it at a different grade level. Distinguished from \""toll roads\"" in that no fee is charged to those using the expressway. Example: An example applying the concept of Expressway (freeway) in U.S. real estate transactions."
"Special Topics","Property Law","State","Define: A taking, as under eminent domain. The word has come to be used in connection with a foreign location, such as a foreign government taking an American industry located in the foreign country. The word is used instead of eminent domain in Louisiana.","Expropriation","Inheritance Tax","Initial Term","Inheritance","A","Expropriation is defined as: A taking, as under eminent domain. The word has come to be used in connection with a foreign location, such as a foreign government taking an American industry located in the foreign country. The word is used instead of eminent domain in Louisiana. Example: An example applying the concept of Expropriation in U.S. real estate transactions."
"Special Topics","Property Law","State","With reference to insurance, coverage beyond the normal (standard) policy. matches which of the following terms?","Extended Coverage","Initial Term","Inheritance Tax","Initials","A","Extended Coverage is defined as: With reference to insurance, coverage beyond the normal (standard) policy. Example: An example applying the concept of Extended Coverage in U.S. real estate transactions."
"Special Topics","Property Law","State","Select the correct term for this definition: A continuing under the same conditions, as opposed to a renewal, which implies new terms or conditions.","Initials","Extension","Initial Term","Injunction","B","Extension is defined as: A continuing under the same conditions, as opposed to a renewal, which implies new terms or conditions. Example: An example applying the concept of Extension in U.S. real estate transactions."
"Special Topics","Property Law","State","The outside surface of any structure. is the legal definition of:","Initials","Injunction","Exterior","Inland Waters","C","Exterior is defined as: The outside surface of any structure. Example: An example applying the concept of Exterior in U.S. real estate transactions."
"Special Topics","Property Law","State","What real estate term matches the following description: The outside covering of a structure, such as wood, brick, stucco, etc.","Exterior Finish","Inland Waters","Injunction","Inlet","A","Exterior Finish is defined as: The outside covering of a structure, such as wood, brick, stucco, etc. Example: An example applying the concept of Exterior Finish in U.S. real estate transactions."
"Special Topics","Valuation","State","Define: The outer vertical surface of a structure, which encloses the entire structure, and the dimensions of which are used to find the gross area of the enclosure for appraisal purposes.","Inland Waters","Inliquidity","Inlet","Exterior Wall","D","Exterior Wall is defined as: The outer vertical surface of a structure, which encloses the entire structure, and the dimensions of which are used to find the gross area of the enclosure for appraisal purposes. Example: An example applying the concept of Exterior Wall in U.S. real estate transactions."
"Special Topics","Valuation","State","An accounting procedure which includes the depreciated value of property from unanticipated damage not insured matches which of the following terms?","Inliquidity","Extraordinary Property Loss","Inlet","Inner City","B","Extraordinary Property Loss is defined as: An accounting procedure which includes the depreciated value of property from unanticipated damage not insured Example: An example applying the concept of Extraordinary Property Loss in U.S. real estate transactions."
"Special Topics","Property Law","State","Select the correct term for this definition: The main face or front elevation of a building.","Inner City","Innocent Landowner Defense","Inliquidity","Facade","D","Facade is defined as: The main face or front elevation of a building. Example: An example applying the concept of Facade in U.S. real estate transactions."
"Special Topics","Property Law","State","(1) The front or facade of a structure See also: Facade. (2) The positioning of a structure, [as to front (face) the ocean]. (3) To surface or cover the front or outer surface of an object. (4) The outside or main appearance of the surface of an object. is the legal definition of:","Face","Innocent Landowner Defense","Innocent Purchaser For Value","Inner City","A","Face is defined as: (1) The front or facade of a structure See also: Facade. (2) The positioning of a structure, [as to front (face) the ocean]. (3) To surface or cover the front or outer surface of an object. (4) The outside or main appearance of the surface of an object. Example: An example applying the concept of Face in U.S. real estate transactions."
"Special Topics","Property Law","State","What real estate term matches the following description: A treated brick, usually glossy and of even quality, made for use as an exterior finish.","Inquiry","Face Brick","Innocent Purchaser For Value","Innocent Landowner Defense","B","Face Brick is defined as: A treated brick, usually glossy and of even quality, made for use as an exterior finish. Example: An example applying the concept of Face Brick in U.S. real estate transactions."
"Special Topics","Finance","State","Define: The value of notes, mortgages, etc., as stated on the face of the instrument, and not considering any discounting.","Face Value","Insolvency","Innocent Purchaser For Value","Inquiry","A","Face Value is defined as: The value of notes, mortgages, etc., as stated on the face of the instrument, and not considering any discounting. Example: An example applying the concept of Face Value in U.S. real estate transactions."
"Special Topics","Property Law","State","A masonry wall, using different materials as a facing and backing, but with facing and backing bonded as one unit for load-bearing. matches which of the following terms?","Inquiry","Insolvency","Faced Wall","Insolvent","C","Faced Wall is defined as: A masonry wall, using different materials as a facing and backing, but with facing and backing bonded as one unit for load-bearing. Example: An example applying the concept of Faced Wall in U.S. real estate transactions."
"Special Topics","Property Law","State","Select the correct term for this definition: Purchasing accounts receivable from a business at a discount.","Factoring","Inspection","Insolvency","Insolvent","A","Factoring is defined as: Purchasing accounts receivable from a business at a discount. Example: An example applying the concept of Factoring in U.S. real estate transactions."
"Special Topics","Finance","State","A federal law giving one the right to see his or her credit report so that errors may be corrected. A lender refusing credit based on a credit report must inform the buyer which company issued the report. The buyer may see the report without charge if refused credit, or for a charge if just curious. is the legal definition of:","Installment","Insolvent","Inspection","Fair Credit Reporting Act","D","Fair Credit Reporting Act is defined as: A federal law giving one the right to see his or her credit report so that errors may be corrected. A lender refusing credit based on a credit report must inform the buyer which company issued the report. The buyer may see the report without charge if refused credit, or for a charge if just curious. Example: An example applying the concept of Fair Credit Reporting Act in U.S. real estate transactions."
"Special Topics","Valuation","State","What real estate term matches the following description: Price that probably would be negotiated between a willing seller and willing buyer in a reasonable time. Usually arrived at by comparable sales in the area.","Installment Contract","Fair Market Value","Installment","Inspection","B","Fair Market Value is defined as: Price that probably would be negotiated between a willing seller and willing buyer in a reasonable time. Usually arrived at by comparable sales in the area. Example: An example applying the concept of Fair Market Value in U.S. real estate transactions."
"Special Topics","Valuation","State","Define: The setting of a reasonable value by a court or board, for the establishment of public utility rates.","Installment Contract","Installment Note","Installment","Fair Value","D","Fair Value is defined as: The setting of a reasonable value by a court or board, for the establishment of public utility rates. Example: An example applying the concept of Fair Value in U.S. real estate transactions."
"Special Topics","Property Law","State","(1) The deepest part of a river or bay, through which boats travel. (2) A passageway kept open in a harbor or bay for boats to enter or exit. (3) A portion of a golf course, bounded on its width by the rough and on its length by the tee and the green. matches which of the following terms?","Installment Note","Fairway","Installment Contract","Installment Note, Balance Due Date","B","Fairway is defined as: (1) The deepest part of a river or bay, through which boats travel. (2) A passageway kept open in a harbor or bay for boats to enter or exit. (3) A portion of a golf course, bounded on its width by the rough and on its length by the tee and the green. Example: An example applying the concept of Fairway in U.S. real estate transactions."
"Special Topics","Property Law","State","Select the correct term for this definition: (1) Land tilled and prepared for planting, but not planted. A method of soil conservation. (2) Land left idle which would ordinarily be planted.","Institute Of Real Estate Management","Installment Note","Installment Note, Balance Due Date","Fallow","D","Fallow is defined as: (1) Land tilled and prepared for planting, but not planted. A method of soil conservation. (2) Land left idle which would ordinarily be planted. Example: An example applying the concept of Fallow in U.S. real estate transactions."
